typeID,title,type,url,image
CSRA1246524,Networking in Google Cloud Specialization,specializations,https://www.coursera.org/specializations/networking-google-cloud-platform,https://s3.amazonaws.com/coursera_assets/meta_images/generated/XDP/XDP~SPECIALIZATION!~networking-google-cloud-platform/XDP~SPECIALIZATION!~networking-google-cloud-platform.jpeg
CSRA7775622,Two Speed IT How Companies Can Surf the Digital Wave a BCG Perspective,course,https://www.coursera.org/learn/2-speed-it,https://s3.amazonaws.com/coursera_assets/meta_images/generated/XDP/XDP~COURSE!~2-speed-it/XDP~COURSE!~2-speed-it.jpeg
CSRA6449413,Fundamentals of Network Communication,course,https://www.coursera.org/learn/fundamentals-network-communications,https://s3.amazonaws.com/coursera_assets/meta_images/generated/XDP/XDP~COURSE!~fundamentals-network-communications/XDP~COURSE!~fundamentals-network-communications.jpeg
CSRA2292265,Design a User Experience for Social Good & Prepare for Jobs,course,https://www.coursera.org/learn/ux-design-jobs,https://s3.amazonaws.com/coursera_assets/meta_images/generated/XDP/XDP~COURSE!~ux-design-jobs/XDP~COURSE!~ux-design-jobs.jpeg
CSRA6716582,Building Database Applications in PHP,course,https://www.coursera.org/learn/database-applications-php,https://s3.amazonaws.com/coursera_assets/meta_images/generated/XDP/XDP~COURSE!~database-applications-php/XDP~COURSE!~database-applications-php.jpeg
CSRA2755878,Web Design: Wireframes to Prototypes,course,https://www.coursera.org/learn/web-design-wireframes-prototypes,https://s3.amazonaws.com/coursera_assets/meta_images/generated/XDP/XDP~COURSE!~web-design-wireframes-prototypes/XDP~COURSE!~web-design-wireframes-prototypes.jpeg
CSRA3356385,Build Wireframes and Low-Fidelity Prototypes,course,https://www.coursera.org/learn/wireframes-low-fidelity-prototypes,https://s3.amazonaws.com/coursera_assets/meta_images/generated/XDP/XDP~COURSE!~wireframes-low-fidelity-prototypes/XDP~COURSE!~wireframes-low-fidelity-prototypes.jpeg
CSRA1852583,Introduction to C# Programming and Unity,course,https://www.coursera.org/learn/introduction-programming-unity,https://s3.amazonaws.com/coursera_assets/meta_images/generated/XDP/XDP~COURSE!~introduction-programming-unity/XDP~COURSE!~introduction-programming-unity.jpeg
CSRA6419946,Virtual Reality Specialization,specializations,https://www.coursera.org/specializations/virtual-reality,https://s3.amazonaws.com/coursera_assets/meta_images/generated/XDP/XDP~SPECIALIZATION!~virtual-reality/XDP~SPECIALIZATION!~virtual-reality.jpeg
CSRA5362553,C++ Programming for Unreal Game Development Specialization,specializations,https://www.coursera.org/specializations/cplusplusunrealgamedevelopment,https://s3.amazonaws.com/coursera_assets/meta_images/generated/XDP/XDP~SPECIALIZATION!~cplusplusunrealgamedevelopment/XDP~SPECIALIZATION!~cplusplusunrealgamedevelopment.jpeg
CSRA7335756,Game Design and Development with Unity 2020 Specialization,specializations,https://www.coursera.org/specializations/game-design-and-development,https://s3.amazonaws.com/coursera_assets/meta_images/generated/XDP/XDP~SPECIALIZATION!~game-design-and-development/XDP~SPECIALIZATION!~game-design-and-development.jpeg
CSRA2691673,Interaction Design Specialization,specializations,https://www.coursera.org/specializations/interaction-design,https://s3.amazonaws.com/coursera_assets/meta_images/generated/XDP/XDP~SPECIALIZATION!~interaction-design/XDP~SPECIALIZATION!~interaction-design.jpeg
CSRA4635433,Digital Product Management Specialization,specializations,https://www.coursera.org/specializations/uva-darden-digital-product-management,https://s3.amazonaws.com/coursera_assets/meta_images/generated/XDP/XDP~SPECIALIZATION!~uva-darden-digital-product-management/XDP~SPECIALIZATION!~uva-darden-digital-product-management.jpeg
CSRA8657174,Web Design for Everybody: Basics of Web Development & Coding Specialization,specializations,https://www.coursera.org/specializations/web-design,https://s3.amazonaws.com/coursera_assets/meta_images/generated/XDP/XDP~SPECIALIZATION!~web-design/XDP~SPECIALIZATION!~web-design.jpeg
CSRA6346674,Google UX Design Professional Certificate,professional certificates,https://www.coursera.org/professional-certificates/google-ux-design,https://s3.amazonaws.com/coursera_assets/meta_images/generated/XDP/XDP~SPECIALIZATION!~google-ux-design/XDP~SPECIALIZATION!~google-ux-design.jpeg
CSRA7586137,Foundations of User Experience (UX) Design,course,https://www.coursera.org/learn/foundations-user-experience-design,https://s3.amazonaws.com/coursera_assets/meta_images/generated/XDP/XDP~COURSE!~foundations-user-experience-design/XDP~COURSE!~foundations-user-experience-design.jpeg
CSRA6395873,Google UX Design Professional Certificate,professional certificates,https://www.coursera.org/professional-certificates/google-ux-design,https://s3.amazonaws.com/coursera_assets/meta_images/generated/XDP/XDP~SPECIALIZATION!~google-ux-design/XDP~SPECIALIZATION!~google-ux-design.jpeg
CSRA9624436,Fundamentals of Graphic Design,course,https://www.coursera.org/learn/fundamentals-of-graphic-design,https://s3.amazonaws.com/coursera_assets/meta_images/generated/XDP/XDP~COURSE!~fundamentals-of-graphic-design/XDP~COURSE!~fundamentals-of-graphic-design.jpeg
CSRA2378422,HTML CSS and Javascript for Web Developers,course,https://www.coursera.org/learn/html-css-javascript-for-web-developers,https://s3.amazonaws.com/coursera_assets/meta_images/generated/XDP/XDP~COURSE!~html-css-javascript-for-web-developers/XDP~COURSE!~html-css-javascript-for-web-developers.jpeg
CSRA4648247,Agile Analytics,course,https://www.coursera.org/learn/uva-darden-agile-analytics,https://s3.amazonaws.com/coursera_assets/meta_images/generated/XDP/XDP~COURSE!~uva-darden-agile-analytics/XDP~COURSE!~uva-darden-agile-analytics.jpeg
CSRA2619597,Building AI Powered Chatbots Without Programming,course,https://www.coursera.org/learn/building-ai-powered-chatbots,https://s3.amazonaws.com/coursera_assets/meta_images/generated/XDP/XDP~COURSE!~building-ai-powered-chatbots/XDP~COURSE!~building-ai-powered-chatbots.jpeg
CSRA5354325,Real-World Product Management Specialization,specializations,https://www.coursera.org/specializations/real-world-product-management,https://s3.amazonaws.com/coursera_assets/meta_images/generated/XDP/XDP~SPECIALIZATION!~real-world-product-management/XDP~SPECIALIZATION!~real-world-product-management.jpeg
CSRA7589766,User Experience Research and Design Specialization,specializations,https://www.coursera.org/specializations/michiganux,https://s3.amazonaws.com/coursera_assets/meta_images/generated/XDP/XDP~SPECIALIZATION!~michiganux/XDP~SPECIALIZATION!~michiganux.jpeg
CSRA3345318,Client Needs and Software Requirements,course,https://www.coursera.org/learn/client-needs-and-software-requirements,https://s3.amazonaws.com/coursera_assets/meta_images/generated/XDP/XDP~COURSE!~client-needs-and-software-requirements/XDP~COURSE!~client-needs-and-software-requirements.jpeg
CSRA8426257,Evaluating User Interfaces,course,https://www.coursera.org/learn/ui-testing,https://s3.amazonaws.com/coursera_assets/meta_images/generated/XDP/XDP~COURSE!~ui-testing/XDP~COURSE!~ui-testing.jpeg
CSRA6189121,Introduction to UI Design,course,https://www.coursera.org/learn/ui-design,https://s3.amazonaws.com/coursera_assets/meta_images/generated/XDP/XDP~COURSE!~ui-design/XDP~COURSE!~ui-design.jpeg
CSRA7767689,Interaction Design Specialization,specializations,https://www.coursera.org/specializations/interaction-design,https://s3.amazonaws.com/coursera_assets/meta_images/generated/XDP/XDP~SPECIALIZATION!~interaction-design/XDP~SPECIALIZATION!~interaction-design.jpeg
CSRA1633216,Networking,-,https://www.coursera.org/browse/information-technology/networking,https://s3.amazonaws.com/coursera/media/Grid_Coursera_Partners_updated.png
CSRA6899658,Fundamentals of Computer Network Security Specialization,specializations,https://www.coursera.org/specializations/computer-network-security,https://s3.amazonaws.com/coursera_assets/meta_images/generated/XDP/XDP~SPECIALIZATION!~computer-network-security/XDP~SPECIALIZATION!~computer-network-security.jpeg
CSRA4294117,Introduction to Networking and Storage,course,https://www.coursera.org/learn/introduction-to-networking-and-storage,https://s3.amazonaws.com/coursera_assets/meta_images/generated/XDP/XDP~COURSE!~introduction-to-networking-and-storage/XDP~COURSE!~introduction-to-networking-and-storage.jpeg
CSRA3585476,Creando una aplicación con Stellar SDK,guided project,https://www.coursera.org/projects/creando-stellar-sdk,https://s3.amazonaws.com/coursera_assets/meta_images/generated/XDP/XDP~COURSE!~creando-stellar-sdk/XDP~COURSE!~creando-stellar-sdk.jpeg
CSRA5917628,Crea y vende tus NFT en marketplace,guided project,https://www.coursera.org/projects/crea-nft,https://s3.amazonaws.com/coursera_assets/meta_images/generated/XDP/XDP~COURSE!~crea-nft/XDP~COURSE!~crea-nft.jpeg
CSRA2473143,البدء باستخدام برنامج packet tracer,guided project,https://www.coursera.org/projects/albad-biastikhdam-barnamaj-packet-tracer,https://s3.amazonaws.com/coursera_assets/meta_images/generated/XDP/XDP~COURSE!~albad-biastikhdam-barnamaj-packet-tracer/XDP~COURSE!~albad-biastikhdam-barnamaj-packet-tracer.jpeg
CSRA4869963,Diseñando tarjetas de presentación en Adobe Illustrator,guided project,https://www.coursera.org/projects/diseando-tarjetas-de-presentacion-en-adobe-illustrator,https://s3.amazonaws.com/coursera_assets/meta_images/generated/XDP/XDP~COURSE!~diseando-tarjetas-de-presentacion-en-adobe-illustrator/XDP~COURSE!~diseando-tarjetas-de-presentacion-en-adobe-illustrator.jpeg
CSRA8117149,Computer Security and Systems Management Specialization,specializations,https://www.coursera.org/specializations/computer-security-systems-management,https://s3.amazonaws.com/coursera_assets/meta_images/generated/XDP/XDP~SPECIALIZATION!~computer-security-systems-management/XDP~SPECIALIZATION!~computer-security-systems-management.jpeg
CSRA1457976,Introduction to Cyber Security Specialization,specializations,https://www.coursera.org/specializations/intro-cyber-security,https://s3.amazonaws.com/coursera_assets/meta_images/generated/XDP/XDP~SPECIALIZATION!~intro-cyber-security/XDP~SPECIALIZATION!~intro-cyber-security.jpeg
CSRA9323241,(ISC)² Systems Security Certified Practitioner (SSCP),professional certificates,https://www.coursera.org/professional-certificates/sscp-training,https://s3.amazonaws.com/coursera_assets/meta_images/generated/XDP/XDP~SPECIALIZATION!~sscp-training/XDP~SPECIALIZATION!~sscp-training.jpeg
CSRA9983661,Google IT Support Professional Certificate,professional certificates,https://www.coursera.org/professional-certificates/google-it-support,https://s3.amazonaws.com/coursera_assets/meta_images/generated/XDP/XDP~SPECIALIZATION!~google-it-support/XDP~SPECIALIZATION!~google-it-support.jpeg
CSRA8527685,Networking in Google Cloud: Defining and Implementing Networks,course,https://www.coursera.org/learn/networking-gcp-defining-implementing-networks,https://s3.amazonaws.com/coursera_assets/meta_images/generated/XDP/XDP~COURSE!~networking-gcp-defining-implementing-networks/XDP~COURSE!~networking-gcp-defining-implementing-networks.jpeg
CSRA7951916,Los bits y bytes de las redes informáticas,course,https://www.coursera.org/learn/redes-informaticas,https://s3.amazonaws.com/coursera_assets/meta_images/generated/XDP/XDP~COURSE!~redes-informaticas/XDP~COURSE!~redes-informaticas.jpeg
CSRA6798998,Estrutura e Funcionamento das Redes de Computadores,course,https://www.coursera.org/learn/redes-computadores,https://s3.amazonaws.com/coursera_assets/meta_images/generated/XDP/XDP~COURSE!~redes-computadores/XDP~COURSE!~redes-computadores.jpeg
CSRA4235832,Seluk Beluk Jaringan Komputer,course,https://www.coursera.org/learn/seluk-beluk-jaringan-komputer,https://s3.amazonaws.com/coursera_assets/meta_images/generated/XDP/XDP~COURSE!~seluk-beluk-jaringan-komputer/XDP~COURSE!~seluk-beluk-jaringan-komputer.jpeg
CSRA3323133,Networking in Google Cloud 日本語版 Specialization,specializations,https://www.coursera.org/specializations/networking-google-cloud-platform-jp,https://s3.amazonaws.com/coursera_assets/meta_images/generated/XDP/XDP~SPECIALIZATION!~networking-google-cloud-platform-jp/XDP~SPECIALIZATION!~networking-google-cloud-platform-jp.jpeg
CSRA5962316,The Bits and Bytes of Computer Networking,course,https://www.coursera.org/learn/computer-networking,https://s3.amazonaws.com/coursera_assets/meta_images/generated/XDP/XDP~COURSE!~computer-networking/XDP~COURSE!~computer-networking.jpeg
CSRA2617224,Networking in Google Cloud Specialization,specializations,https://www.coursera.org/specializations/networking-google-cloud-platform,https://s3.amazonaws.com/coursera_assets/meta_images/generated/XDP/XDP~SPECIALIZATION!~networking-google-cloud-platform/XDP~SPECIALIZATION!~networking-google-cloud-platform.jpeg
CSRA8431411,AWS Cloud Technical Essentials,course,https://www.coursera.org/learn/aws-cloud-technical-essentials,https://s3.amazonaws.com/coursera_assets/meta_images/generated/XDP/XDP~COURSE!~aws-cloud-technical-essentials/XDP~COURSE!~aws-cloud-technical-essentials.jpeg
CSRA3434524,The Bits and Bytes of Computer Networking,course,https://www.coursera.org/learn/computer-networking,https://s3.amazonaws.com/coursera_assets/meta_images/generated/XDP/XDP~COURSE!~computer-networking/XDP~COURSE!~computer-networking.jpeg
CSRA3233938,Site Reliability Engineering: Measuring and Managing Reliability,course,https://www.coursera.org/learn/site-reliability-engineering-slos,https://s3.amazonaws.com/coursera_assets/meta_images/generated/XDP/XDP~COURSE!~site-reliability-engineering-slos/XDP~COURSE!~site-reliability-engineering-slos.jpeg
CSRA3915197,Continuous Delivery & DevOps,course,https://www.coursera.org/learn/uva-darden-continous-delivery-devops,https://s3.amazonaws.com/coursera_assets/meta_images/generated/XDP/XDP~COURSE!~uva-darden-continous-delivery-devops/XDP~COURSE!~uva-darden-continous-delivery-devops.jpeg
CSRA3634467,Introduction to Hardware and Operating Systems,course,https://www.coursera.org/learn/introduction-to-hardware-and-operating-systems,https://s3.amazonaws.com/coursera_assets/meta_images/generated/XDP/XDP~COURSE!~introduction-to-hardware-and-operating-systems/XDP~COURSE!~introduction-to-hardware-and-operating-systems.jpeg
CSRA2982223,IT Support Google Professional Certificate,professional certificates,https://www.coursera.org/professional-certificates/sertifikat-it-support-profesional-google,https://s3.amazonaws.com/coursera_assets/meta_images/generated/XDP/XDP~SPECIALIZATION!~sertifikat-it-support-profesional-google/XDP~SPECIALIZATION!~sertifikat-it-support-profesional-google.jpeg
CSRA8977135,Sistem Operasi dan Anda: Menjadi Pengguna yang Berdaya,course,https://www.coursera.org/learn/sistem-operasi-dan-anda-menjadi-pengguna-yang-berdaya,https://s3.amazonaws.com/coursera_assets/meta_images/generated/XDP/XDP~COURSE!~sistem-operasi-dan-anda-menjadi-pengguna-yang-berdaya/XDP~COURSE!~sistem-operasi-dan-anda-menjadi-pengguna-yang-berdaya.jpeg
CSRA2698931,Dasar-Dasar Dukungan Teknis,course,https://www.coursera.org/learn/dasar-dasar-dukungan-teknis,https://s3.amazonaws.com/coursera_assets/meta_images/generated/XDP/XDP~COURSE!~dasar-dasar-dukungan-teknis/XDP~COURSE!~dasar-dasar-dukungan-teknis.jpeg
CSRA4965752,Fundamentos do Suporte Técnico,course,https://www.coursera.org/learn/fundamentos-do-suporte-tecnico,https://s3.amazonaws.com/coursera_assets/meta_images/generated/XDP/XDP~COURSE!~fundamentos-do-suporte-tecnico/XDP~COURSE!~fundamentos-do-suporte-tecnico.jpeg
CSRA1935975,Palo Alto Networks Cybersecurity Professional Certificate,professional certificates,https://www.coursera.org/professional-certificates/palo-alto-networks-cybersecurity-fundamentals,https://s3.amazonaws.com/coursera_assets/meta_images/generated/XDP/XDP~SPECIALIZATION!~palo-alto-networks-cybersecurity-fundamentals/XDP~SPECIALIZATION!~palo-alto-networks-cybersecurity-fundamentals.jpeg
CSRA9621427,Oracle Cloud Infrastructure Foundations,course,https://www.coursera.org/learn/oraclecloud-infrastructure-foundations,https://s3.amazonaws.com/coursera_assets/meta_images/generated/XDP/XDP~COURSE!~oraclecloud-infrastructure-foundations/XDP~COURSE!~oraclecloud-infrastructure-foundations.jpeg
CSRA5847923,Juniper Networks Junos Platform Automation and DevOps Specialization,specializations,https://www.coursera.org/specializations/ijaut,https://s3.amazonaws.com/coursera_assets/meta_images/generated/XDP/XDP~SPECIALIZATION!~ijaut/XDP~SPECIALIZATION!~ijaut.jpeg
CSRA4784779,IBM Technical Support  Professional Certificate,professional certificates,https://www.coursera.org/professional-certificates/ibm-technical-support,https://s3.amazonaws.com/coursera_assets/meta_images/generated/XDP/XDP~SPECIALIZATION!~ibm-technical-support/XDP~SPECIALIZATION!~ibm-technical-support.jpeg
CSRA2172124,Technical Support Fundamentals,course,https://www.coursera.org/learn/technical-support-fundamentals,https://s3.amazonaws.com/coursera_assets/meta_images/generated/XDP/XDP~COURSE!~technical-support-fundamentals/XDP~COURSE!~technical-support-fundamentals.jpeg
CSRA9318186,Google IT Automation with Python Professional Certificate,professional certificates,https://www.coursera.org/professional-certificates/google-it-automation,https://s3.amazonaws.com/coursera_assets/meta_images/generated/XDP/XDP~SPECIALIZATION!~google-it-automation/XDP~SPECIALIZATION!~google-it-automation.jpeg
CSRA8965338,IBM DevOps and Software Engineering Professional Certificate,professional certificates,https://www.coursera.org/professional-certificates/devops-and-software-engineering,https://s3.amazonaws.com/coursera_assets/meta_images/generated/XDP/XDP~SPECIALIZATION!~devops-and-software-engineering/XDP~SPECIALIZATION!~devops-and-software-engineering.jpeg
CSRA5894315,Google IT Support Professional Certificate,professional certificates,https://www.coursera.org/professional-certificates/google-it-support,https://s3.amazonaws.com/coursera_assets/meta_images/generated/XDP/XDP~SPECIALIZATION!~google-it-support/XDP~SPECIALIZATION!~google-it-support.jpeg
CSRA4182747,Crash Course on Python,course,https://www.coursera.org/learn/python-crash-course,https://s3.amazonaws.com/coursera_assets/meta_images/generated/XDP/XDP~COURSE!~python-crash-course/XDP~COURSE!~python-crash-course.jpeg
CSRA5745235,Google IT Automation with Python Professional Certificate,professional certificates,https://www.coursera.org/professional-certificates/google-it-automation,https://s3.amazonaws.com/coursera_assets/meta_images/generated/XDP/XDP~SPECIALIZATION!~google-it-automation/XDP~SPECIALIZATION!~google-it-automation.jpeg
CSRA2494385,Technical Support Fundamentals,course,https://www.coursera.org/learn/technical-support-fundamentals,https://s3.amazonaws.com/coursera_assets/meta_images/generated/XDP/XDP~COURSE!~technical-support-fundamentals/XDP~COURSE!~technical-support-fundamentals.jpeg
CSRA2378894,Google IT Support Professional Certificate,professional certificates,https://www.coursera.org/professional-certificates/google-it-support,https://s3.amazonaws.com/coursera_assets/meta_images/generated/XDP/XDP~SPECIALIZATION!~google-it-support/XDP~SPECIALIZATION!~google-it-support.jpeg
CSRA5155419,Enterprise System Management and Security,course,https://www.coursera.org/learn/enterprise-system-management-security,https://s3.amazonaws.com/coursera_assets/meta_images/generated/XDP/XDP~COURSE!~enterprise-system-management-security/XDP~COURSE!~enterprise-system-management-security.jpeg
CSRA7139359,Customer Service Fundamentals,course,https://www.coursera.org/learn/customer-service-fundamentals,https://s3.amazonaws.com/coursera_assets/meta_images/generated/XDP/XDP~COURSE!~customer-service-fundamentals/XDP~COURSE!~customer-service-fundamentals.jpeg
CSRA6986811,Using Python to Interact with the Operating System,course,https://www.coursera.org/learn/python-operating-system,https://s3.amazonaws.com/coursera_assets/meta_images/generated/XDP/XDP~COURSE!~python-operating-system/XDP~COURSE!~python-operating-system.jpeg
CSRA5139275,Information​ ​Systems Specialization,specializations,https://www.coursera.org/specializations/information-systems,https://s3.amazonaws.com/coursera_assets/meta_images/generated/XDP/XDP~SPECIALIZATION!~information-systems/XDP~SPECIALIZATION!~information-systems.jpeg
CSRA9466573,The Data Scientist’s Toolbox,course,https://www.coursera.org/learn/data-scientists-tools,https://s3.amazonaws.com/coursera_assets/meta_images/generated/XDP/XDP~COURSE!~data-scientists-tools/XDP~COURSE!~data-scientists-tools.jpeg
CSRA2557563,Natural Language Processing Specialization,specializations,https://www.coursera.org/specializations/natural-language-processing,https://s3.amazonaws.com/coursera_assets/meta_images/generated/XDP/XDP~SPECIALIZATION!~natural-language-processing/XDP~SPECIALIZATION!~natural-language-processing.jpeg
CSRA6778311,Analyze Network Traffic with TCPDump,guided project,https://www.coursera.org/projects/analyze-network-traffic-with-tcpdump,https://s3.amazonaws.com/coursera_assets/meta_images/generated/XDP/XDP~COURSE!~analyze-network-traffic-with-tcpdump/XDP~COURSE!~analyze-network-traffic-with-tcpdump.jpeg
CSRA4546988,Configurer un pare-feu avec UFW sous Linux,guided project,https://www.coursera.org/projects/configurer-pare-feu-firewall-ufw-ubuntu-linux,https://s3.amazonaws.com/coursera_assets/meta_images/generated/XDP/XDP~COURSE!~configurer-pare-feu-firewall-ufw-ubuntu-linux/XDP~COURSE!~configurer-pare-feu-firewall-ufw-ubuntu-linux.jpeg
CSRA5568636,مقدمة عن شبكات الحاسوب وأجهزة سيسكو (Cisco),guided project,https://www.coursera.org/projects/muqadimat-ean-shabakat-alhasub-sisku-cisco-,https://s3.amazonaws.com/coursera_assets/meta_images/generated/XDP/XDP~COURSE!~muqadimat-ean-shabakat-alhasub-sisku-cisco-/XDP~COURSE!~muqadimat-ean-shabakat-alhasub-sisku-cisco-.jpeg
CSRA2127838,البدء باستخدام برنامج packet tracer,guided project,https://www.coursera.org/projects/albad-biastikhdam-barnamaj-packet-tracer,https://s3.amazonaws.com/coursera_assets/meta_images/generated/XDP/XDP~COURSE!~albad-biastikhdam-barnamaj-packet-tracer/XDP~COURSE!~albad-biastikhdam-barnamaj-packet-tracer.jpeg
CSRA5814516,Computer Security and Systems Management Specialization,specializations,https://www.coursera.org/specializations/computer-security-systems-management,https://s3.amazonaws.com/coursera_assets/meta_images/generated/XDP/XDP~SPECIALIZATION!~computer-security-systems-management/XDP~SPECIALIZATION!~computer-security-systems-management.jpeg
CSRA9157727,Introduction to Cyber Security Specialization,specializations,https://www.coursera.org/specializations/intro-cyber-security,https://s3.amazonaws.com/coursera_assets/meta_images/generated/XDP/XDP~SPECIALIZATION!~intro-cyber-security/XDP~SPECIALIZATION!~intro-cyber-security.jpeg
CSRA9977974,(ISC)² Systems Security Certified Practitioner (SSCP),professional certificates,https://www.coursera.org/professional-certificates/sscp-training,https://s3.amazonaws.com/coursera_assets/meta_images/generated/XDP/XDP~SPECIALIZATION!~sscp-training/XDP~SPECIALIZATION!~sscp-training.jpeg
CSRA5583246,Google IT Support Professional Certificate,professional certificates,https://www.coursera.org/professional-certificates/google-it-support,https://s3.amazonaws.com/coursera_assets/meta_images/generated/XDP/XDP~SPECIALIZATION!~google-it-support/XDP~SPECIALIZATION!~google-it-support.jpeg
CSRA6274672,Sistem Operasi dan Anda: Menjadi Pengguna yang Berdaya,course,https://www.coursera.org/learn/sistem-operasi-dan-anda-menjadi-pengguna-yang-berdaya,https://s3.amazonaws.com/coursera_assets/meta_images/generated/XDP/XDP~COURSE!~sistem-operasi-dan-anda-menjadi-pengguna-yang-berdaya/XDP~COURSE!~sistem-operasi-dan-anda-menjadi-pengguna-yang-berdaya.jpeg
CSRA6346991,Segurança de TI: Defesa Contra as Artes Obscuras do Mundo Digital,course,https://www.coursera.org/learn/seguranca-de-it,https://s3.amazonaws.com/coursera_assets/meta_images/generated/XDP/XDP~COURSE!~seguranca-de-it/XDP~COURSE!~seguranca-de-it.jpeg
CSRA3186371,Essential Cloud Infrastructure: Foundation dalam bahasa Indonesia,course,https://www.coursera.org/learn/essential-cloud-infrastructure-foundation-id,https://s3.amazonaws.com/coursera_assets/meta_images/generated/XDP/XDP~COURSE!~essential-cloud-infrastructure-foundation-id/XDP~COURSE!~essential-cloud-infrastructure-foundation-id.jpeg
CSRA1485764,Keamanan IT: Pertahanan terhadap Kejahatan Digital,course,https://www.coursera.org/learn/keamanan-it-pertahanan-terhadap-kejahatan-digital,https://s3.amazonaws.com/coursera_assets/meta_images/generated/XDP/XDP~COURSE!~keamanan-it-pertahanan-terhadap-kejahatan-digital/XDP~COURSE!~keamanan-it-pertahanan-terhadap-kejahatan-digital.jpeg
CSRA9988536,IT Fundamentals for Cybersecurity Specialization,specializations,https://www.coursera.org/specializations/it-fundamentals-cybersecurity,https://s3.amazonaws.com/coursera_assets/meta_images/generated/XDP/XDP~SPECIALIZATION!~it-fundamentals-cybersecurity/XDP~SPECIALIZATION!~it-fundamentals-cybersecurity.jpeg
CSRA2431151,Architecting with Google Kubernetes Engine Specialization,specializations,https://www.coursera.org/specializations/architecting-google-kubernetes-engine,https://s3.amazonaws.com/coursera_assets/meta_images/generated/XDP/XDP~SPECIALIZATION!~architecting-google-kubernetes-engine/XDP~SPECIALIZATION!~architecting-google-kubernetes-engine.jpeg
CSRA8665672,Architecting with Google Compute Engine Specialization,specializations,https://www.coursera.org/specializations/gcp-architecture,https://s3.amazonaws.com/coursera_assets/meta_images/generated/XDP/XDP~SPECIALIZATION!~gcp-architecture/XDP~SPECIALIZATION!~gcp-architecture.jpeg
CSRA2984416,Google IT Support Professional Certificate,professional certificates,https://www.coursera.org/professional-certificates/google-it-support,https://s3.amazonaws.com/coursera_assets/meta_images/generated/XDP/XDP~SPECIALIZATION!~google-it-support/XDP~SPECIALIZATION!~google-it-support.jpeg
CSRA4193934,Architecting with Google Kubernetes Engine Specialization,specializations,https://www.coursera.org/specializations/architecting-google-kubernetes-engine,https://s3.amazonaws.com/coursera_assets/meta_images/generated/XDP/XDP~SPECIALIZATION!~architecting-google-kubernetes-engine/XDP~SPECIALIZATION!~architecting-google-kubernetes-engine.jpeg
CSRA4749977,Architecting with Google Compute Engine Specialization,specializations,https://www.coursera.org/specializations/gcp-architecture,https://s3.amazonaws.com/coursera_assets/meta_images/generated/XDP/XDP~SPECIALIZATION!~gcp-architecture/XDP~SPECIALIZATION!~gcp-architecture.jpeg
CSRA4468619,Bitcoin and Cryptocurrency Technologies,course,https://www.coursera.org/learn/cryptocurrency,https://s3.amazonaws.com/coursera_assets/meta_images/generated/XDP/XDP~COURSE!~cryptocurrency/XDP~COURSE!~cryptocurrency.jpeg
CSRA6422796,Google IT Support Professional Certificate,professional certificates,https://www.coursera.org/professional-certificates/google-it-support,https://s3.amazonaws.com/coursera_assets/meta_images/generated/XDP/XDP~SPECIALIZATION!~google-it-support/XDP~SPECIALIZATION!~google-it-support.jpeg
CSRA4931731,Cybersecurity: Developing a Program for Your Business Specialization,specializations,https://www.coursera.org/specializations/cybersecurity-developing-program-for-business,https://s3.amazonaws.com/coursera_assets/meta_images/generated/XDP/XDP~SPECIALIZATION!~cybersecurity-developing-program-for-business/XDP~SPECIALIZATION!~cybersecurity-developing-program-for-business.jpeg
CSRA3322994,Information​ ​Systems Specialization,specializations,https://www.coursera.org/specializations/information-systems,https://s3.amazonaws.com/coursera_assets/meta_images/generated/XDP/XDP~SPECIALIZATION!~information-systems/XDP~SPECIALIZATION!~information-systems.jpeg
CSRA9344772,-,specializations,https://www.coursera.org/specializations/business-technology-managment,https://s3.amazonaws.com/coursera/media/Grid_Coursera_Partners_updated.png
CSRA8263186,Cybersecurity for Business Specialization,specializations,https://www.coursera.org/specializations/cyber-security-business,https://s3.amazonaws.com/coursera_assets/meta_images/generated/XDP/XDP~SPECIALIZATION!~cyber-security-business/XDP~SPECIALIZATION!~cyber-security-business.jpeg
CSRA5644163,Data Structures and Algorithms Specialization,specializations,https://www.coursera.org/specializations/data-structures-algorithms,https://s3.amazonaws.com/coursera_assets/meta_images/generated/XDP/XDP~SPECIALIZATION!~data-structures-algorithms/XDP~SPECIALIZATION!~data-structures-algorithms.jpeg
CSRA3577945,Algorithms Specialization,specializations,https://www.coursera.org/specializations/algorithms,https://s3.amazonaws.com/coursera_assets/meta_images/generated/XDP/XDP~SPECIALIZATION!~algorithms/XDP~SPECIALIZATION!~algorithms.jpeg
CSRA2256223,Machine Learning Engineering for Production (MLOps) Specialization,specializations,https://www.coursera.org/specializations/machine-learning-engineering-for-production-mlops,https://s3.amazonaws.com/coursera_assets/meta_images/generated/XDP/XDP~SPECIALIZATION!~machine-learning-engineering-for-production-mlops/XDP~SPECIALIZATION!~machine-learning-engineering-for-production-mlops.jpeg
CSRA2688267,Differential Equations for Engineers,course,https://www.coursera.org/learn/differential-equations-engineers,https://s3.amazonaws.com/coursera_assets/meta_images/generated/XDP/XDP~COURSE!~differential-equations-engineers/XDP~COURSE!~differential-equations-engineers.jpeg
CSRA1357355,-,specializations,https://www.coursera.org/specializations/mathematics-for-data-science,https://s3.amazonaws.com/coursera/media/Grid_Coursera_Partners_updated.png
CSRA5779863,Advanced Statistics for Data Science Specialization,specializations,https://www.coursera.org/specializations/advanced-statistics-data-science,https://s3.amazonaws.com/coursera_assets/meta_images/generated/XDP/XDP~SPECIALIZATION!~advanced-statistics-data-science/XDP~SPECIALIZATION!~advanced-statistics-data-science.jpeg
CSRA8534814,Precalculus through Data and Modelling Specialization,specializations,https://www.coursera.org/specializations/precalculus-data-modelling,https://s3.amazonaws.com/coursera_assets/meta_images/generated/XDP/XDP~SPECIALIZATION!~precalculus-data-modelling/XDP~SPECIALIZATION!~precalculus-data-modelling.jpeg
CSRA7726149,Mathematics for Engineers Specialization,specializations,https://www.coursera.org/specializations/mathematics-engineers,https://s3.amazonaws.com/coursera_assets/meta_images/generated/XDP/XDP~SPECIALIZATION!~mathematics-engineers/XDP~SPECIALIZATION!~mathematics-engineers.jpeg
CSRA2819569,Differential Equations for Engineers,course,https://www.coursera.org/learn/differential-equations-engineers,https://s3.amazonaws.com/coursera_assets/meta_images/generated/XDP/XDP~COURSE!~differential-equations-engineers/XDP~COURSE!~differential-equations-engineers.jpeg
CSRA5418971,Matrix Algebra for Engineers,course,https://www.coursera.org/learn/matrix-algebra-engineers,https://s3.amazonaws.com/coursera_assets/meta_images/generated/XDP/XDP~COURSE!~matrix-algebra-engineers/XDP~COURSE!~matrix-algebra-engineers.jpeg
CSRA9685861,Contenido de las matemáticas de primaria,course,https://www.coursera.org/learn/contenido-matematica-escolar,https://s3.amazonaws.com/coursera_assets/meta_images/generated/XDP/XDP~COURSE!~contenido-matematica-escolar/XDP~COURSE!~contenido-matematica-escolar.jpeg
CSRA8189764,Calculus: Single Variable Part 1 - Functions,course,https://www.coursera.org/learn/single-variable-calculus,https://s3.amazonaws.com/coursera_assets/meta_images/generated/XDP/XDP~COURSE!~single-variable-calculus/XDP~COURSE!~single-variable-calculus.jpeg
CSRA1436539,Vector Calculus for Engineers,course,https://www.coursera.org/learn/vector-calculus-engineers,https://s3.amazonaws.com/coursera_assets/meta_images/generated/XDP/XDP~COURSE!~vector-calculus-engineers/XDP~COURSE!~vector-calculus-engineers.jpeg
CSRA5753979,Fibonacci Numbers and the Golden Ratio,course,https://www.coursera.org/learn/fibonacci,https://s3.amazonaws.com/coursera_assets/meta_images/generated/XDP/XDP~COURSE!~fibonacci/XDP~COURSE!~fibonacci.jpeg
CSRA6296841,Matrix Algebra for Engineers,course,https://www.coursera.org/learn/matrix-algebra-engineers,https://s3.amazonaws.com/coursera_assets/meta_images/generated/XDP/XDP~COURSE!~matrix-algebra-engineers/XDP~COURSE!~matrix-algebra-engineers.jpeg
CSRA3859362,Game Theory,course,https://www.coursera.org/learn/game-theory-1,https://s3.amazonaws.com/coursera_assets/meta_images/generated/XDP/XDP~COURSE!~game-theory-1/XDP~COURSE!~game-theory-1.jpeg
CSRA4296916,SQL for Data Science,course,https://www.coursera.org/learn/sql-for-data-science,https://s3.amazonaws.com/coursera_assets/meta_images/generated/XDP/XDP~COURSE!~sql-for-data-science/XDP~COURSE!~sql-for-data-science.jpeg
CSRA2584534,The Data Scientist’s Toolbox,course,https://www.coursera.org/learn/data-scientists-tools,https://s3.amazonaws.com/coursera_assets/meta_images/generated/XDP/XDP~COURSE!~data-scientists-tools/XDP~COURSE!~data-scientists-tools.jpeg
CSRA9757479,Mathematics for Machine Learning Specialization,specializations,https://www.coursera.org/specializations/mathematics-machine-learning,https://s3.amazonaws.com/coursera_assets/meta_images/generated/XDP/XDP~SPECIALIZATION!~mathematics-machine-learning/XDP~SPECIALIZATION!~mathematics-machine-learning.jpeg
CSRA9244636,Introduction to Mathematical Thinking,course,https://www.coursera.org/learn/mathematical-thinking,https://s3.amazonaws.com/coursera_assets/meta_images/generated/XDP/XDP~COURSE!~mathematical-thinking/XDP~COURSE!~mathematical-thinking.jpeg
CSRA7741397,Game Theory,course,https://www.coursera.org/learn/game-theory-1,https://s3.amazonaws.com/coursera_assets/meta_images/generated/XDP/XDP~COURSE!~game-theory-1/XDP~COURSE!~game-theory-1.jpeg
CSRA7624544,SQL for Data Science,course,https://www.coursera.org/learn/sql-for-data-science,https://s3.amazonaws.com/coursera_assets/meta_images/generated/XDP/XDP~COURSE!~sql-for-data-science/XDP~COURSE!~sql-for-data-science.jpeg
CSRA8397967,Understanding Research Methods,course,https://www.coursera.org/learn/research-methods,https://s3.amazonaws.com/coursera_assets/meta_images/generated/XDP/XDP~COURSE!~research-methods/XDP~COURSE!~research-methods.jpeg
CSRA1597628,Computational Fluid Mechanics - Airflow Around a Spoiler,guided project,https://www.coursera.org/projects/computational-fluid-mechanics-airflow-around-a-spoiler-uktyf,https://s3.amazonaws.com/coursera_assets/meta_images/generated/XDP/XDP~COURSE!~computational-fluid-mechanics-airflow-around-a-spoiler-uktyf/XDP~COURSE!~computational-fluid-mechanics-airflow-around-a-spoiler-uktyf.jpeg
CSRA3558572,Meta Front-End Developer Professional Certificate,professional certificates,https://www.coursera.org/professional-certificates/meta-front-end-developer,https://s3.amazonaws.com/coursera_assets/meta_images/generated/XDP/XDP~SPECIALIZATION!~meta-front-end-developer/XDP~SPECIALIZATION!~meta-front-end-developer.jpeg
CSRA8646883,Excel Basics for Data Analysis,course,https://www.coursera.org/learn/excel-basics-data-analysis-ibm,https://s3.amazonaws.com/coursera_assets/meta_images/generated/XDP/XDP~COURSE!~excel-basics-data-analysis-ibm/XDP~COURSE!~excel-basics-data-analysis-ibm.jpeg
CSRA5436979,Essential Cloud Infrastructure: Core Services dalam bahasa Indonesia,course,https://www.coursera.org/learn/essential-cloud-infrastructure-core-services-id,https://s3.amazonaws.com/coursera_assets/meta_images/generated/XDP/XDP~COURSE!~essential-cloud-infrastructure-core-services-id/XDP~COURSE!~essential-cloud-infrastructure-core-services-id.jpeg
CSRA5629898,El Abogado del Futuro: Legaltech y la Transformación Digital del Derecho,course,https://www.coursera.org/learn/legaltech,https://s3.amazonaws.com/coursera_assets/meta_images/generated/XDP/XDP~COURSE!~legaltech/XDP~COURSE!~legaltech.jpeg
CSRA8969127,Google Cloud Fundamentals: Core Infrastructure dalam bahasa Indonesia,course,https://www.coursera.org/learn/gcp-fundamentals-core-infrastructure-id,https://s3.amazonaws.com/coursera_assets/meta_images/generated/XDP/XDP~COURSE!~gcp-fundamentals-core-infrastructure-id/XDP~COURSE!~gcp-fundamentals-core-infrastructure-id.jpeg
CSRA5963796,Essential Cloud Infrastructure: Foundation dalam bahasa Indonesia,course,https://www.coursera.org/learn/essential-cloud-infrastructure-foundation-id,https://s3.amazonaws.com/coursera_assets/meta_images/generated/XDP/XDP~COURSE!~essential-cloud-infrastructure-foundation-id/XDP~COURSE!~essential-cloud-infrastructure-foundation-id.jpeg
CSRA1776211,Mastering the Software Engineering Interview,course,https://www.coursera.org/learn/cs-tech-interview,https://s3.amazonaws.com/coursera_assets/meta_images/generated/XDP/XDP~COURSE!~cs-tech-interview/XDP~COURSE!~cs-tech-interview.jpeg
CSRA6643557,Introduction to Software Product Management,course,https://www.coursera.org/learn/introduction-to-software-product-management,https://s3.amazonaws.com/coursera_assets/meta_images/generated/XDP/XDP~COURSE!~introduction-to-software-product-management/XDP~COURSE!~introduction-to-software-product-management.jpeg
CSRA7997449,Hypothesis-Driven Development,course,https://www.coursera.org/learn/uva-darden-agile-testing,https://s3.amazonaws.com/coursera_assets/meta_images/generated/XDP/XDP~COURSE!~uva-darden-agile-testing/XDP~COURSE!~uva-darden-agile-testing.jpeg
CSRA1354551,Agile Project Management,course,https://www.coursera.org/learn/agile-project-management,https://s3.amazonaws.com/coursera_assets/meta_images/generated/XDP/XDP~COURSE!~agile-project-management/XDP~COURSE!~agile-project-management.jpeg
CSRA6169934,Preparing for Google Cloud Certification: Cloud DevOps Engineer Professional Certificate,professional certificates,https://www.coursera.org/professional-certificates/sre-devops-engineer-google-cloud,https://s3.amazonaws.com/coursera_assets/meta_images/generated/XDP/XDP~SPECIALIZATION!~sre-devops-engineer-google-cloud/XDP~SPECIALIZATION!~sre-devops-engineer-google-cloud.jpeg
CSRA9413532,Google IT Automation with Python Professional Certificate,professional certificates,https://www.coursera.org/professional-certificates/google-it-automation,https://s3.amazonaws.com/coursera_assets/meta_images/generated/XDP/XDP~SPECIALIZATION!~google-it-automation/XDP~SPECIALIZATION!~google-it-automation.jpeg
CSRA1949455,IBM Full Stack Software Developer Professional Certificate,professional certificates,https://www.coursera.org/professional-certificates/ibm-full-stack-cloud-developer,https://s3.amazonaws.com/coursera_assets/meta_images/generated/XDP/XDP~SPECIALIZATION!~ibm-full-stack-cloud-developer/XDP~SPECIALIZATION!~ibm-full-stack-cloud-developer.jpeg
CSRA7199535,Key Technologies for Business Specialization,specializations,https://www.coursera.org/specializations/key-technologies-for-business,https://s3.amazonaws.com/coursera_assets/meta_images/generated/XDP/XDP~SPECIALIZATION!~key-technologies-for-business/XDP~SPECIALIZATION!~key-technologies-for-business.jpeg
CSRA3397873,Preparing for Google Cloud Certification: Cloud Architect Professional Certificate,professional certificates,https://www.coursera.org/professional-certificates/gcp-cloud-architect,https://s3.amazonaws.com/coursera_assets/meta_images/generated/XDP/XDP~SPECIALIZATION!~gcp-cloud-architect/XDP~SPECIALIZATION!~gcp-cloud-architect.jpeg
CSRA8936951,Preparing for Google Cloud Certification: Cloud DevOps Engineer Professional Certificate,professional certificates,https://www.coursera.org/professional-certificates/sre-devops-engineer-google-cloud,https://s3.amazonaws.com/coursera_assets/meta_images/generated/XDP/XDP~SPECIALIZATION!~sre-devops-engineer-google-cloud/XDP~SPECIALIZATION!~sre-devops-engineer-google-cloud.jpeg
CSRA9484113,Google IT Automation with Python Professional Certificate,professional certificates,https://www.coursera.org/professional-certificates/google-it-automation,https://s3.amazonaws.com/coursera_assets/meta_images/generated/XDP/XDP~SPECIALIZATION!~google-it-automation/XDP~SPECIALIZATION!~google-it-automation.jpeg
CSRA7234599,Key Technologies for Business Specialization,specializations,https://www.coursera.org/specializations/key-technologies-for-business,https://s3.amazonaws.com/coursera_assets/meta_images/generated/XDP/XDP~SPECIALIZATION!~key-technologies-for-business/XDP~SPECIALIZATION!~key-technologies-for-business.jpeg
CSRA7984337,Hybrid Cloud Service Mesh with Anthos,course,https://www.coursera.org/learn/hybrid-cloud-service-mesh-anthos,https://s3.amazonaws.com/coursera_assets/meta_images/generated/XDP/XDP~COURSE!~hybrid-cloud-service-mesh-anthos/XDP~COURSE!~hybrid-cloud-service-mesh-anthos.jpeg
CSRA7927433,Big Data Analytical Platform on Alibaba Cloud,course,https://www.coursera.org/learn/alibabacloudbigdata,https://s3.amazonaws.com/coursera_assets/meta_images/generated/XDP/XDP~COURSE!~alibabacloudbigdata/XDP~COURSE!~alibabacloudbigdata.jpeg
CSRA8879829,Amazon DynamoDB: Building NoSQL Database-Driven Applications,course,https://www.coursera.org/learn/dynamodb-nosql-database-driven-apps,https://s3.amazonaws.com/coursera_assets/meta_images/generated/XDP/XDP~COURSE!~dynamodb-nosql-database-driven-apps/XDP~COURSE!~dynamodb-nosql-database-driven-apps.jpeg
CSRA9931996,Cloud Systems Software,course,https://www.coursera.org/learn/cloud-sys-software,https://s3.amazonaws.com/coursera_assets/meta_images/generated/XDP/XDP~COURSE!~cloud-sys-software/XDP~COURSE!~cloud-sys-software.jpeg
CSRA2488745,"Programming Foundations with JavaScript, HTML and CSS",course,https://www.coursera.org/learn/duke-programming-web,https://s3.amazonaws.com/coursera_assets/meta_images/generated/XDP/XDP~COURSE!~duke-programming-web/XDP~COURSE!~duke-programming-web.jpeg
CSRA9636517,Programming for Everybody (Getting Started with Python),course,https://www.coursera.org/learn/python,https://s3.amazonaws.com/coursera_assets/meta_images/generated/XDP/XDP~COURSE!~python/XDP~COURSE!~python.jpeg
CSRA3554351,Meta Back-End Developer Professional Certificate,professional certificates,https://www.coursera.org/professional-certificates/meta-back-end-developer,https://s3.amazonaws.com/coursera_assets/meta_images/generated/XDP/XDP~SPECIALIZATION!~meta-back-end-developer/XDP~SPECIALIZATION!~meta-back-end-developer.jpeg
CSRA4728778,Excel to MySQL: Analytic Techniques for Business Specialization,specializations,https://www.coursera.org/specializations/excel-mysql,https://s3.amazonaws.com/coursera_assets/meta_images/generated/XDP/XDP~SPECIALIZATION!~excel-mysql/XDP~SPECIALIZATION!~excel-mysql.jpeg
CSRA3252954,Excel Skills for Business: Essentials,course,https://www.coursera.org/learn/excel-essentials,https://s3.amazonaws.com/coursera_assets/meta_images/generated/XDP/XDP~COURSE!~excel-essentials/XDP~COURSE!~excel-essentials.jpeg
CSRA2528441,Share Data Through the Art of Visualization,course,https://www.coursera.org/learn/visualize-data,https://s3.amazonaws.com/coursera_assets/meta_images/generated/XDP/XDP~COURSE!~visualize-data/XDP~COURSE!~visualize-data.jpeg
CSRA3646784,What is Corruption: Anti-Corruption and Compliance,course,https://www.coursera.org/learn/what-is-corruption-anti-corruption-compliance,https://s3.amazonaws.com/coursera_assets/meta_images/generated/XDP/XDP~COURSE!~what-is-corruption-anti-corruption-compliance/XDP~COURSE!~what-is-corruption-anti-corruption-compliance.jpeg
CSRA3921217,Effective Compliance Programs,course,https://www.coursera.org/learn/effective-compliance-programs,https://s3.amazonaws.com/coursera_assets/meta_images/generated/XDP/XDP~COURSE!~effective-compliance-programs/XDP~COURSE!~effective-compliance-programs.jpeg
CSRA5642597,Excel Skills for Business: Intermediate I,course,https://www.coursera.org/learn/excel-intermediate-1,https://s3.amazonaws.com/coursera_assets/meta_images/generated/XDP/XDP~COURSE!~excel-intermediate-1/XDP~COURSE!~excel-intermediate-1.jpeg
CSRA4526573,Proje Yönetiminin Temelleri,course,https://www.coursera.org/learn/proje-yonetiminin-temelleri,https://s3.amazonaws.com/coursera_assets/meta_images/generated/XDP/XDP~COURSE!~proje-yonetiminin-temelleri/XDP~COURSE!~proje-yonetiminin-temelleri.jpeg
CSRA4263315,Agile Meets Design Thinking,course,https://www.coursera.org/learn/uva-darden-getting-started-agile,https://s3.amazonaws.com/coursera_assets/meta_images/generated/XDP/XDP~COURSE!~uva-darden-getting-started-agile/XDP~COURSE!~uva-darden-getting-started-agile.jpeg
CSRA1671948,How to Manage a Remote Team,course,https://www.coursera.org/learn/remote-team-management,https://s3.amazonaws.com/coursera_assets/meta_images/generated/XDP/XDP~COURSE!~remote-team-management/XDP~COURSE!~remote-team-management.jpeg
CSRA7785852,Budgeting and Scheduling Projects,course,https://www.coursera.org/learn/schedule-projects,https://s3.amazonaws.com/coursera_assets/meta_images/generated/XDP/XDP~COURSE!~schedule-projects/XDP~COURSE!~schedule-projects.jpeg
CSRA4677376,Project Initiation: Starting a Successful Project,course,https://www.coursera.org/learn/project-initiation-google,https://s3.amazonaws.com/coursera_assets/meta_images/generated/XDP/XDP~COURSE!~project-initiation-google/XDP~COURSE!~project-initiation-google.jpeg
CSRA8864524,Career Success Specialization,specializations,https://www.coursera.org/specializations/career-success,https://s3.amazonaws.com/coursera_assets/meta_images/generated/XDP/XDP~SPECIALIZATION!~career-success/XDP~SPECIALIZATION!~career-success.jpeg
CSRA4387214,Successful Negotiation: Essential Strategies and Skills,course,https://www.coursera.org/learn/negotiation-skills,https://s3.amazonaws.com/coursera_assets/meta_images/generated/XDP/XDP~COURSE!~negotiation-skills/XDP~COURSE!~negotiation-skills.jpeg
CSRA1631494,Improve Your English Communication Skills Specialization,specializations,https://www.coursera.org/specializations/improve-english,https://s3.amazonaws.com/coursera_assets/meta_images/generated/XDP/XDP~SPECIALIZATION!~improve-english/XDP~SPECIALIZATION!~improve-english.jpeg
CSRA7217935,English for Career Development,course,https://www.coursera.org/learn/careerdevelopment,https://s3.amazonaws.com/coursera_assets/meta_images/generated/XDP/XDP~COURSE!~careerdevelopment/XDP~COURSE!~careerdevelopment.jpeg
CSRA6421842,Cybersecurity: Developing a Program for Your Business Specialization,specializations,https://www.coursera.org/specializations/cybersecurity-developing-program-for-business,https://s3.amazonaws.com/coursera_assets/meta_images/generated/XDP/XDP~SPECIALIZATION!~cybersecurity-developing-program-for-business/XDP~SPECIALIZATION!~cybersecurity-developing-program-for-business.jpeg
CSRA5372535,Information​ ​Systems Specialization,specializations,https://www.coursera.org/specializations/information-systems,https://s3.amazonaws.com/coursera_assets/meta_images/generated/XDP/XDP~SPECIALIZATION!~information-systems/XDP~SPECIALIZATION!~information-systems.jpeg
CSRA5512577,-,specializations,https://www.coursera.org/specializations/business-technology-managment,https://s3.amazonaws.com/coursera/media/Grid_Coursera_Partners_updated.png
CSRA1626174,Cybersecurity for Business Specialization,specializations,https://www.coursera.org/specializations/cyber-security-business,https://s3.amazonaws.com/coursera_assets/meta_images/generated/XDP/XDP~SPECIALIZATION!~cyber-security-business/XDP~SPECIALIZATION!~cyber-security-business.jpeg
CSRA5919472,Communication Strategies for a Virtual Age,course,https://www.coursera.org/learn/communication-strategies-virtual-age,https://s3.amazonaws.com/coursera_assets/meta_images/generated/XDP/XDP~COURSE!~communication-strategies-virtual-age/XDP~COURSE!~communication-strategies-virtual-age.jpeg
CSRA4286835,Improve Your English Communication Skills Specialization,specializations,https://www.coursera.org/specializations/improve-english,https://s3.amazonaws.com/coursera_assets/meta_images/generated/XDP/XDP~SPECIALIZATION!~improve-english/XDP~SPECIALIZATION!~improve-english.jpeg
CSRA8762398,Good with Words: Speaking and Presenting Specialization,specializations,https://www.coursera.org/specializations/good-with-words-speaking-and-presenting,https://s3.amazonaws.com/coursera_assets/meta_images/generated/XDP/XDP~SPECIALIZATION!~good-with-words-speaking-and-presenting/XDP~SPECIALIZATION!~good-with-words-speaking-and-presenting.jpeg
CSRA7859915,User-Experience: Create a Storyboard using Storyboarder,guided project,https://www.coursera.org/projects/user-experience-create-a-storyboard-using-storyboarder,https://s3.amazonaws.com/coursera_assets/meta_images/generated/XDP/XDP~COURSE!~user-experience-create-a-storyboard-using-storyboarder/XDP~COURSE!~user-experience-create-a-storyboard-using-storyboarder.jpeg
CSRA3975729,How to Visualize Research Data in Tableau,guided project,https://www.coursera.org/projects/how-visualize-research-data-tableau,https://s3.amazonaws.com/coursera_assets/meta_images/generated/XDP/XDP~COURSE!~how-visualize-research-data-tableau/XDP~COURSE!~how-visualize-research-data-tableau.jpeg
CSRA9836276,Eine Einführung in die Finite Elemente Methode mit SimScale,guided project,https://www.coursera.org/projects/fem-finite-elemente-methode-mit-simscale,https://s3.amazonaws.com/coursera_assets/meta_images/generated/XDP/XDP~COURSE!~fem-finite-elemente-methode-mit-simscale/XDP~COURSE!~fem-finite-elemente-methode-mit-simscale.jpeg
CSRA9334913,Transferencia tecnológica: De la investigación al mercado.,course,https://www.coursera.org/learn/transferencia-tecnologica-investigacion,https://s3.amazonaws.com/coursera_assets/meta_images/generated/XDP/XDP~COURSE!~transferencia-tecnologica-investigacion/XDP~COURSE!~transferencia-tecnologica-investigacion.jpeg
CSRA3954721,"Excel/VBA for Creative Problem Solving, Part 1",course,https://www.coursera.org/learn/excel-vba-for-creative-problem-solving-part-1,https://s3.amazonaws.com/coursera_assets/meta_images/generated/XDP/XDP~COURSE!~excel-vba-for-creative-problem-solving-part-1/XDP~COURSE!~excel-vba-for-creative-problem-solving-part-1.jpeg
CSRA2339844,Experimentation for Improvement,course,https://www.coursera.org/learn/experimentation,https://s3.amazonaws.com/coursera_assets/meta_images/generated/XDP/XDP~COURSE!~experimentation/XDP~COURSE!~experimentation.jpeg
CSRA2398254,"Excel/VBA for Creative Problem Solving, Part 2",course,https://www.coursera.org/learn/excel-vba-for-creative-problem-solving-part-2,https://s3.amazonaws.com/coursera_assets/meta_images/generated/XDP/XDP~COURSE!~excel-vba-for-creative-problem-solving-part-2/XDP~COURSE!~excel-vba-for-creative-problem-solving-part-2.jpeg
CSRA1184995,Being a researcher (in Information Science and Technology),course,https://www.coursera.org/learn/being-researcher,https://s3.amazonaws.com/coursera_assets/meta_images/generated/XDP/XDP~COURSE!~being-researcher/XDP~COURSE!~being-researcher.jpeg
CSRA6631267,"Ethics, Technology and Engineering",course,https://www.coursera.org/learn/ethics-technology-engineering,https://s3.amazonaws.com/coursera_assets/meta_images/generated/XDP/XDP~COURSE!~ethics-technology-engineering/XDP~COURSE!~ethics-technology-engineering.jpeg
CSRA5939417,"Computers, Waves, Simulations: A Practical Introduction to Numerical Methods using Python",course,https://www.coursera.org/learn/computers-waves-simulations,https://s3.amazonaws.com/coursera_assets/meta_images/generated/XDP/XDP~COURSE!~computers-waves-simulations/XDP~COURSE!~computers-waves-simulations.jpeg
CSRA8565497,Simulation and modeling of natural processes,course,https://www.coursera.org/learn/modeling-simulation-natural-processes,https://s3.amazonaws.com/coursera_assets/meta_images/generated/XDP/XDP~COURSE!~modeling-simulation-natural-processes/XDP~COURSE!~modeling-simulation-natural-processes.jpeg
CSRA5875634,Quantitative Methods,course,https://www.coursera.org/learn/quantitative-methods,https://s3.amazonaws.com/coursera_assets/meta_images/generated/XDP/XDP~COURSE!~quantitative-methods/XDP~COURSE!~quantitative-methods.jpeg
CSRA9736546,Plant Bioinformatic Methods Specialization,specializations,https://www.coursera.org/specializations/plant-bioinformatic-methods,https://s3.amazonaws.com/coursera_assets/meta_images/generated/XDP/XDP~SPECIALIZATION!~plant-bioinformatic-methods/XDP~SPECIALIZATION!~plant-bioinformatic-methods.jpeg
CSRA2975642,Cybersecurity Specialization,specializations,https://www.coursera.org/specializations/cyber-security,https://s3.amazonaws.com/coursera_assets/meta_images/generated/XDP/XDP~SPECIALIZATION!~cyber-security/XDP~SPECIALIZATION!~cyber-security.jpeg
CSRA8365892,Quantitative Methods,course,https://www.coursera.org/learn/quantitative-methods,https://s3.amazonaws.com/coursera_assets/meta_images/generated/XDP/XDP~COURSE!~quantitative-methods/XDP~COURSE!~quantitative-methods.jpeg
CSRA4718563,Cybersecurity Specialization,specializations,https://www.coursera.org/specializations/cyber-security,https://s3.amazonaws.com/coursera_assets/meta_images/generated/XDP/XDP~SPECIALIZATION!~cyber-security/XDP~SPECIALIZATION!~cyber-security.jpeg
CSRA3356261,Chemistry,course,https://www.coursera.org/learn/chemistry-1,https://s3.amazonaws.com/coursera_assets/meta_images/generated/XDP/XDP~COURSE!~chemistry-1/XDP~COURSE!~chemistry-1.jpeg
CSRA6391118,How Things Work: An Introduction to Physics,course,https://www.coursera.org/learn/how-things-work,https://s3.amazonaws.com/coursera_assets/meta_images/generated/XDP/XDP~COURSE!~how-things-work/XDP~COURSE!~how-things-work.jpeg
CSRA8583891,Excel Fundamentals for Data Analysis,course,https://www.coursera.org/learn/excel-data-analysis-fundamentals,https://s3.amazonaws.com/coursera_assets/meta_images/generated/XDP/XDP~COURSE!~excel-data-analysis-fundamentals/XDP~COURSE!~excel-data-analysis-fundamentals.jpeg
CSRA6925691,Introduction to advanced tomography,course,https://www.coursera.org/learn/cinemaxe,https://s3.amazonaws.com/coursera_assets/meta_images/generated/XDP/XDP~COURSE!~cinemaxe/XDP~COURSE!~cinemaxe.jpeg
CSRA5742583,Quantum Optics 1 : Single Photons,course,https://www.coursera.org/learn/quantum-optics-single-photon,https://s3.amazonaws.com/coursera_assets/meta_images/generated/XDP/XDP~COURSE!~quantum-optics-single-photon/XDP~COURSE!~quantum-optics-single-photon.jpeg
CSRA9496462,Spacecraft Dynamics Capstone: Mars Mission,course,https://www.coursera.org/learn/capstone-mars-mission,https://s3.amazonaws.com/coursera_assets/meta_images/generated/XDP/XDP~COURSE!~capstone-mars-mission/XDP~COURSE!~capstone-mars-mission.jpeg
CSRA6651777,Kinematics: Describing the Motions of Spacecraft,course,https://www.coursera.org/learn/spacecraft-dynamics-kinematics,https://s3.amazonaws.com/coursera_assets/meta_images/generated/XDP/XDP~COURSE!~spacecraft-dynamics-kinematics/XDP~COURSE!~spacecraft-dynamics-kinematics.jpeg
CSRA2146862,مقدمة لفيزياء ألعاب الفيديو باستخدام محرك ألعاب Unity,guided project,https://www.coursera.org/projects/moqadema-le-physic-al3ab-video-be-estkhdam-moharak-al3ab-unity,https://s3.amazonaws.com/coursera_assets/meta_images/generated/XDP/XDP~COURSE!~moqadema-le-physic-al3ab-video-be-estkhdam-moharak-al3ab-unity/XDP~COURSE!~moqadema-le-physic-al3ab-video-be-estkhdam-moharak-al3ab-unity.jpeg
CSRA1724344,Linearer & Nichtlineare Finite Elemente Analyse mit SimScale,guided project,https://www.coursera.org/projects/linearer-nichtlineare-finite-elemente-analyse-mit-simscale,https://s3.amazonaws.com/coursera_assets/meta_images/generated/XDP/XDP~COURSE!~linearer-nichtlineare-finite-elemente-analyse-mit-simscale/XDP~COURSE!~linearer-nichtlineare-finite-elemente-analyse-mit-simscale.jpeg
CSRA3128277,Netzkonvergenzstudien in der Finiten Elemente Methode,guided project,https://www.coursera.org/projects/netzkonvergenzstudie-finite-elemente-methode,https://s3.amazonaws.com/coursera_assets/meta_images/generated/XDP/XDP~COURSE!~netzkonvergenzstudie-finite-elemente-methode/XDP~COURSE!~netzkonvergenzstudie-finite-elemente-methode.jpeg
CSRA5195511,Strömungsimulation einer Kreiselpumpe,guided project,https://www.coursera.org/projects/stromungsimulation-einer-kreiselpumpe,https://s3.amazonaws.com/coursera_assets/meta_images/generated/XDP/XDP~COURSE!~stromungsimulation-einer-kreiselpumpe/XDP~COURSE!~stromungsimulation-einer-kreiselpumpe.jpeg
CSRA8311528,Astro 101: Black Holes,course,https://www.coursera.org/learn/black-holes-astro-101,https://s3.amazonaws.com/coursera_assets/meta_images/generated/XDP/XDP~COURSE!~black-holes-astro-101/XDP~COURSE!~black-holes-astro-101.jpeg
CSRA8216167,Astrobiology: Exploring Other Worlds,course,https://www.coursera.org/learn/astrobiology-exploring-other-worlds,https://s3.amazonaws.com/coursera_assets/meta_images/generated/XDP/XDP~COURSE!~astrobiology-exploring-other-worlds/XDP~COURSE!~astrobiology-exploring-other-worlds.jpeg
CSRA2139169,Understanding Einstein: The Special Theory of Relativity,course,https://www.coursera.org/learn/einstein-relativity,https://s3.amazonaws.com/coursera_assets/meta_images/generated/XDP/XDP~COURSE!~einstein-relativity/XDP~COURSE!~einstein-relativity.jpeg
CSRA9287477,Kinematics: Describing the Motions of Spacecraft,course,https://www.coursera.org/learn/spacecraft-dynamics-kinematics,https://s3.amazonaws.com/coursera_assets/meta_images/generated/XDP/XDP~COURSE!~spacecraft-dynamics-kinematics/XDP~COURSE!~spacecraft-dynamics-kinematics.jpeg
CSRA8227217,Analyzing the Universe,course,https://www.coursera.org/learn/analyze,https://s3.amazonaws.com/coursera_assets/meta_images/generated/XDP/XDP~COURSE!~analyze/XDP~COURSE!~analyze.jpeg
CSRA1911562,Imagining Other Earths,course,https://www.coursera.org/learn/life-on-other-planets,https://s3.amazonaws.com/coursera_assets/meta_images/generated/XDP/XDP~COURSE!~life-on-other-planets/XDP~COURSE!~life-on-other-planets.jpeg
CSRA3869118,Data-driven Astronomy,course,https://www.coursera.org/learn/data-driven-astronomy,https://s3.amazonaws.com/coursera_assets/meta_images/generated/XDP/XDP~COURSE!~data-driven-astronomy/XDP~COURSE!~data-driven-astronomy.jpeg
CSRA3788945,Astrobiology: Exploring Other Worlds,course,https://www.coursera.org/learn/astrobiology-exploring-other-worlds,https://s3.amazonaws.com/coursera_assets/meta_images/generated/XDP/XDP~COURSE!~astrobiology-exploring-other-worlds/XDP~COURSE!~astrobiology-exploring-other-worlds.jpeg
CSRA6971769,Big History: Connecting Knowledge,course,https://www.coursera.org/learn/big-history,https://s3.amazonaws.com/coursera_assets/meta_images/generated/XDP/XDP~COURSE!~big-history/XDP~COURSE!~big-history.jpeg
CSRA6787636,How Things Work: An Introduction to Physics,course,https://www.coursera.org/learn/how-things-work,https://s3.amazonaws.com/coursera_assets/meta_images/generated/XDP/XDP~COURSE!~how-things-work/XDP~COURSE!~how-things-work.jpeg
CSRA2454442,Astronomy: Exploring Time and Space,course,https://www.coursera.org/learn/astro,https://s3.amazonaws.com/coursera_assets/meta_images/generated/XDP/XDP~COURSE!~astro/XDP~COURSE!~astro.jpeg
CSRA6467568,Understanding Einstein: The Special Theory of Relativity,course,https://www.coursera.org/learn/einstein-relativity,https://s3.amazonaws.com/coursera_assets/meta_images/generated/XDP/XDP~COURSE!~einstein-relativity/XDP~COURSE!~einstein-relativity.jpeg
CSRA9997424,Big History: Connecting Knowledge,course,https://www.coursera.org/learn/big-history,https://s3.amazonaws.com/coursera_assets/meta_images/generated/XDP/XDP~COURSE!~big-history/XDP~COURSE!~big-history.jpeg
CSRA3797779,Understanding Einstein: The Special Theory of Relativity,course,https://www.coursera.org/learn/einstein-relativity,https://s3.amazonaws.com/coursera_assets/meta_images/generated/XDP/XDP~COURSE!~einstein-relativity/XDP~COURSE!~einstein-relativity.jpeg
CSRA5314873,Astronomy: Exploring Time and Space,course,https://www.coursera.org/learn/astro,https://s3.amazonaws.com/coursera_assets/meta_images/generated/XDP/XDP~COURSE!~astro/XDP~COURSE!~astro.jpeg
CSRA7875595,Introduction to Probability and Data with R,course,https://www.coursera.org/learn/probability-intro,https://s3.amazonaws.com/coursera_assets/meta_images/generated/XDP/XDP~COURSE!~probability-intro/XDP~COURSE!~probability-intro.jpeg
CSRA3229324,The Data Scientist’s Toolbox,course,https://www.coursera.org/learn/data-scientists-tools,https://s3.amazonaws.com/coursera_assets/meta_images/generated/XDP/XDP~COURSE!~data-scientists-tools/XDP~COURSE!~data-scientists-tools.jpeg
CSRA7235293,Google Data Analytics Professional Certificate,professional certificates,https://www.coursera.org/professional-certificates/google-data-analytics,https://s3.amazonaws.com/coursera_assets/meta_images/generated/XDP/XDP~SPECIALIZATION!~google-data-analytics/XDP~SPECIALIZATION!~google-data-analytics.jpeg
CSRA4177332,Data Visualization in Excel,course,https://www.coursera.org/learn/excel-data-visualization,https://s3.amazonaws.com/coursera_assets/meta_images/generated/XDP/XDP~COURSE!~excel-data-visualization/XDP~COURSE!~excel-data-visualization.jpeg
CSRA7951682,Introdução à Ciência da Computação com Python Parte 1,course,https://www.coursera.org/learn/ciencia-computacao-python-conceitos,https://s3.amazonaws.com/coursera_assets/meta_images/generated/XDP/XDP~COURSE!~ciencia-computacao-python-conceitos/XDP~COURSE!~ciencia-computacao-python-conceitos.jpeg
CSRA1448739,Excel Skills for Business: Intermediate I,course,https://www.coursera.org/learn/excel-intermediate-1,https://s3.amazonaws.com/coursera_assets/meta_images/generated/XDP/XDP~COURSE!~excel-intermediate-1/XDP~COURSE!~excel-intermediate-1.jpeg
CSRA5934481,Spatial Analysis and Satellite Imagery in a GIS,course,https://www.coursera.org/learn/spatial-analysis-satellite-imagery-in-a-gis,https://s3.amazonaws.com/coursera_assets/meta_images/generated/XDP/XDP~COURSE!~spatial-analysis-satellite-imagery-in-a-gis/XDP~COURSE!~spatial-analysis-satellite-imagery-in-a-gis.jpeg
CSRA2682826,Data Analytics Methods for Marketing,course,https://www.coursera.org/learn/data-analytics-methods-for-marketing,https://s3.amazonaws.com/coursera_assets/meta_images/generated/XDP/XDP~COURSE!~data-analytics-methods-for-marketing/XDP~COURSE!~data-analytics-methods-for-marketing.jpeg
CSRA5517576,Excel Skills for Business: Essentials,course,https://www.coursera.org/learn/excel-essentials,https://s3.amazonaws.com/coursera_assets/meta_images/generated/XDP/XDP~COURSE!~excel-essentials/XDP~COURSE!~excel-essentials.jpeg
CSRA6447737,Customer Analytics,course,https://www.coursera.org/learn/wharton-customer-analytics,https://s3.amazonaws.com/coursera_assets/meta_images/generated/XDP/XDP~COURSE!~wharton-customer-analytics/XDP~COURSE!~wharton-customer-analytics.jpeg
CSRA8399476,AI Fundamentals for Non-Data Scientists,course,https://www.coursera.org/learn/wharton-ai-fundamentals-non-data-scientists,https://s3.amazonaws.com/coursera_assets/meta_images/generated/XDP/XDP~COURSE!~wharton-ai-fundamentals-non-data-scientists/XDP~COURSE!~wharton-ai-fundamentals-non-data-scientists.jpeg
CSRA9893149,Ask Questions to Make Data-Driven Decisions,course,https://www.coursera.org/learn/ask-questions-make-decisions,https://s3.amazonaws.com/coursera_assets/meta_images/generated/XDP/XDP~COURSE!~ask-questions-make-decisions/XDP~COURSE!~ask-questions-make-decisions.jpeg
CSRA8725932,Applied Data Science with Python Specialization,specializations,https://www.coursera.org/specializations/data-science-python,https://s3.amazonaws.com/coursera_assets/meta_images/generated/XDP/XDP~SPECIALIZATION!~data-science-python/XDP~SPECIALIZATION!~data-science-python.jpeg
CSRA7961817,IBM Data Analyst Professional Certificate,professional certificates,https://www.coursera.org/professional-certificates/ibm-data-analyst,https://s3.amazonaws.com/coursera_assets/meta_images/generated/XDP/XDP~SPECIALIZATION!~ibm-data-analyst/XDP~SPECIALIZATION!~ibm-data-analyst.jpeg
CSRA4723268,Assess for Success: Marketing Analytics and Measurement,course,https://www.coursera.org/learn/assess-for-success,https://s3.amazonaws.com/coursera_assets/meta_images/generated/XDP/XDP~COURSE!~assess-for-success/XDP~COURSE!~assess-for-success.jpeg
CSRA5167789,Data Science Fundamentals with Python and SQL Specialization,specializations,https://www.coursera.org/specializations/data-science-fundamentals-python-sql,https://s3.amazonaws.com/coursera_assets/meta_images/generated/XDP/XDP~SPECIALIZATION!~data-science-fundamentals-python-sql/XDP~SPECIALIZATION!~data-science-fundamentals-python-sql.jpeg
CSRA7233784,Introduction to Data Science Specialization,specializations,https://www.coursera.org/specializations/introduction-data-science,https://s3.amazonaws.com/coursera_assets/meta_images/generated/XDP/XDP~SPECIALIZATION!~introduction-data-science/XDP~SPECIALIZATION!~introduction-data-science.jpeg
CSRA7431956,IBM Data Science Professional Certificate,professional certificates,https://www.coursera.org/professional-certificates/ibm-data-science,https://s3.amazonaws.com/coursera_assets/meta_images/generated/XDP/XDP~SPECIALIZATION!~ibm-data-science/XDP~SPECIALIZATION!~ibm-data-science.jpeg
CSRA2131565,Google Data Analytics Professional Certificate,professional certificates,https://www.coursera.org/professional-certificates/google-data-analytics,https://s3.amazonaws.com/coursera_assets/meta_images/generated/XDP/XDP~SPECIALIZATION!~google-data-analytics/XDP~SPECIALIZATION!~google-data-analytics.jpeg
CSRA2311372,Google Data Analytics Professional Certificate,professional certificates,https://www.coursera.org/professional-certificates/google-data-analytics,https://s3.amazonaws.com/coursera_assets/meta_images/generated/XDP/XDP~SPECIALIZATION!~google-data-analytics/XDP~SPECIALIZATION!~google-data-analytics.jpeg
CSRA5987188,Data Science: Foundations using R Specialization,specializations,https://www.coursera.org/specializations/data-science-foundations-r,https://s3.amazonaws.com/coursera_assets/meta_images/generated/XDP/XDP~SPECIALIZATION!~data-science-foundations-r/XDP~SPECIALIZATION!~data-science-foundations-r.jpeg
CSRA8854578,IBM Data Science Professional Certificate,professional certificates,https://www.coursera.org/professional-certificates/ibm-data-science,https://s3.amazonaws.com/coursera_assets/meta_images/generated/XDP/XDP~SPECIALIZATION!~ibm-data-science/XDP~SPECIALIZATION!~ibm-data-science.jpeg
CSRA4961182,Data Science Specialization,specializations,https://www.coursera.org/specializations/jhu-data-science,https://s3.amazonaws.com/coursera_assets/meta_images/generated/XDP/XDP~SPECIALIZATION!~jhu-data-science/XDP~SPECIALIZATION!~jhu-data-science.jpeg
CSRA9598416,Introduction to Physical Chemistry,course,https://www.coursera.org/learn/physical-chemistry,https://s3.amazonaws.com/coursera_assets/meta_images/generated/XDP/XDP~COURSE!~physical-chemistry/XDP~COURSE!~physical-chemistry.jpeg
CSRA3481919,Introduction to Chemistry:  Structures and Solutions,course,https://www.coursera.org/learn/basic-chemistry,https://s3.amazonaws.com/coursera_assets/meta_images/generated/XDP/XDP~COURSE!~basic-chemistry/XDP~COURSE!~basic-chemistry.jpeg
CSRA8271613,Data Science Specialization,specializations,https://www.coursera.org/specializations/jhu-data-science,https://s3.amazonaws.com/coursera_assets/meta_images/generated/XDP/XDP~SPECIALIZATION!~jhu-data-science/XDP~SPECIALIZATION!~jhu-data-science.jpeg
CSRA1984914,Introduction to Physical Chemistry,course,https://www.coursera.org/learn/physical-chemistry,https://s3.amazonaws.com/coursera_assets/meta_images/generated/XDP/XDP~COURSE!~physical-chemistry/XDP~COURSE!~physical-chemistry.jpeg
CSRA1819994,Introduction to Chemistry:  Structures and Solutions,course,https://www.coursera.org/learn/basic-chemistry,https://s3.amazonaws.com/coursera_assets/meta_images/generated/XDP/XDP~COURSE!~basic-chemistry/XDP~COURSE!~basic-chemistry.jpeg
