typeID,name,type,url,image
CSRA3531188,Networking in Google Cloud Specialization,specializations,https://www.coursera.org/specializations/networking-google-cloud-platform,https://s3.amazonaws.com/coursera_assets/meta_images/generated/XDP/XDP~SPECIALIZATION!~networking-google-cloud-platform/XDP~SPECIALIZATION!~networking-google-cloud-platform.jpeg
CSRA8769394,Two Speed IT How Companies Can Surf the Digital Wave a BCG Perspective,course,https://www.coursera.org/learn/2-speed-it,https://s3.amazonaws.com/coursera_assets/meta_images/generated/XDP/XDP~COURSE!~2-speed-it/XDP~COURSE!~2-speed-it.jpeg
CSRA7492572,Fundamentals of Network Communication,course,https://www.coursera.org/learn/fundamentals-network-communications,https://s3.amazonaws.com/coursera_assets/meta_images/generated/XDP/XDP~COURSE!~fundamentals-network-communications/XDP~COURSE!~fundamentals-network-communications.jpeg
CSRA1925212,Design a User Experience for Social Good & Prepare for Jobs,course,https://www.coursera.org/learn/ux-design-jobs,https://s3.amazonaws.com/coursera_assets/meta_images/generated/XDP/XDP~COURSE!~ux-design-jobs/XDP~COURSE!~ux-design-jobs.jpeg
CSRA8178334,Building Database Applications in PHP,course,https://www.coursera.org/learn/database-applications-php,https://s3.amazonaws.com/coursera_assets/meta_images/generated/XDP/XDP~COURSE!~database-applications-php/XDP~COURSE!~database-applications-php.jpeg
CSRA2246288,Web Design: Wireframes to Prototypes,course,https://www.coursera.org/learn/web-design-wireframes-prototypes,https://s3.amazonaws.com/coursera_assets/meta_images/generated/XDP/XDP~COURSE!~web-design-wireframes-prototypes/XDP~COURSE!~web-design-wireframes-prototypes.jpeg
CSRA8942623,Build Wireframes and Low-Fidelity Prototypes,course,https://www.coursera.org/learn/wireframes-low-fidelity-prototypes,https://s3.amazonaws.com/coursera_assets/meta_images/generated/XDP/XDP~COURSE!~wireframes-low-fidelity-prototypes/XDP~COURSE!~wireframes-low-fidelity-prototypes.jpeg
CSRA5627595,Introduction to C# Programming and Unity,course,https://www.coursera.org/learn/introduction-programming-unity,https://s3.amazonaws.com/coursera_assets/meta_images/generated/XDP/XDP~COURSE!~introduction-programming-unity/XDP~COURSE!~introduction-programming-unity.jpeg
CSRA5133821,Virtual Reality Specialization,specializations,https://www.coursera.org/specializations/virtual-reality,https://s3.amazonaws.com/coursera_assets/meta_images/generated/XDP/XDP~SPECIALIZATION!~virtual-reality/XDP~SPECIALIZATION!~virtual-reality.jpeg
CSRA7751441,C++ Programming for Unreal Game Development Specialization,specializations,https://www.coursera.org/specializations/cplusplusunrealgamedevelopment,https://s3.amazonaws.com/coursera_assets/meta_images/generated/XDP/XDP~SPECIALIZATION!~cplusplusunrealgamedevelopment/XDP~SPECIALIZATION!~cplusplusunrealgamedevelopment.jpeg
CSRA5571379,Game Design and Development with Unity 2020 Specialization,specializations,https://www.coursera.org/specializations/game-design-and-development,https://s3.amazonaws.com/coursera_assets/meta_images/generated/XDP/XDP~SPECIALIZATION!~game-design-and-development/XDP~SPECIALIZATION!~game-design-and-development.jpeg
CSRA7384345,Interaction Design Specialization,specializations,https://www.coursera.org/specializations/interaction-design,https://s3.amazonaws.com/coursera_assets/meta_images/generated/XDP/XDP~SPECIALIZATION!~interaction-design/XDP~SPECIALIZATION!~interaction-design.jpeg
CSRA3484959,Digital Product Management Specialization,specializations,https://www.coursera.org/specializations/uva-darden-digital-product-management,https://s3.amazonaws.com/coursera_assets/meta_images/generated/XDP/XDP~SPECIALIZATION!~uva-darden-digital-product-management/XDP~SPECIALIZATION!~uva-darden-digital-product-management.jpeg
CSRA6931944,Web Design for Everybody: Basics of Web Development & Coding Specialization,specializations,https://www.coursera.org/specializations/web-design,https://s3.amazonaws.com/coursera_assets/meta_images/generated/XDP/XDP~SPECIALIZATION!~web-design/XDP~SPECIALIZATION!~web-design.jpeg
CSRA5734726,Google UX Design Professional Certificate,professional certificates,https://www.coursera.org/professional-certificates/google-ux-design,https://s3.amazonaws.com/coursera_assets/meta_images/generated/XDP/XDP~SPECIALIZATION!~google-ux-design/XDP~SPECIALIZATION!~google-ux-design.jpeg
CSRA7841348,Foundations of User Experience (UX) Design,course,https://www.coursera.org/learn/foundations-user-experience-design,https://s3.amazonaws.com/coursera_assets/meta_images/generated/XDP/XDP~COURSE!~foundations-user-experience-design/XDP~COURSE!~foundations-user-experience-design.jpeg
CSRA6735259,Google UX Design Professional Certificate,professional certificates,https://www.coursera.org/professional-certificates/google-ux-design,https://s3.amazonaws.com/coursera_assets/meta_images/generated/XDP/XDP~SPECIALIZATION!~google-ux-design/XDP~SPECIALIZATION!~google-ux-design.jpeg
CSRA1921816,Fundamentals of Graphic Design,course,https://www.coursera.org/learn/fundamentals-of-graphic-design,https://s3.amazonaws.com/coursera_assets/meta_images/generated/XDP/XDP~COURSE!~fundamentals-of-graphic-design/XDP~COURSE!~fundamentals-of-graphic-design.jpeg
CSRA1443944,HTML CSS and Javascript for Web Developers,course,https://www.coursera.org/learn/html-css-javascript-for-web-developers,https://s3.amazonaws.com/coursera_assets/meta_images/generated/XDP/XDP~COURSE!~html-css-javascript-for-web-developers/XDP~COURSE!~html-css-javascript-for-web-developers.jpeg
CSRA4613625,Agile Analytics,course,https://www.coursera.org/learn/uva-darden-agile-analytics,https://s3.amazonaws.com/coursera_assets/meta_images/generated/XDP/XDP~COURSE!~uva-darden-agile-analytics/XDP~COURSE!~uva-darden-agile-analytics.jpeg
CSRA5845584,Building AI Powered Chatbots Without Programming,course,https://www.coursera.org/learn/building-ai-powered-chatbots,https://s3.amazonaws.com/coursera_assets/meta_images/generated/XDP/XDP~COURSE!~building-ai-powered-chatbots/XDP~COURSE!~building-ai-powered-chatbots.jpeg
CSRA6588735,Real-World Product Management Specialization,specializations,https://www.coursera.org/specializations/real-world-product-management,https://s3.amazonaws.com/coursera_assets/meta_images/generated/XDP/XDP~SPECIALIZATION!~real-world-product-management/XDP~SPECIALIZATION!~real-world-product-management.jpeg
CSRA9985222,User Experience Research and Design Specialization,specializations,https://www.coursera.org/specializations/michiganux,https://s3.amazonaws.com/coursera_assets/meta_images/generated/XDP/XDP~SPECIALIZATION!~michiganux/XDP~SPECIALIZATION!~michiganux.jpeg
CSRA2233577,Client Needs and Software Requirements,course,https://www.coursera.org/learn/client-needs-and-software-requirements,https://s3.amazonaws.com/coursera_assets/meta_images/generated/XDP/XDP~COURSE!~client-needs-and-software-requirements/XDP~COURSE!~client-needs-and-software-requirements.jpeg
CSRA1552568,Evaluating User Interfaces,course,https://www.coursera.org/learn/ui-testing,https://s3.amazonaws.com/coursera_assets/meta_images/generated/XDP/XDP~COURSE!~ui-testing/XDP~COURSE!~ui-testing.jpeg
CSRA1627615,Introduction to UI Design,course,https://www.coursera.org/learn/ui-design,https://s3.amazonaws.com/coursera_assets/meta_images/generated/XDP/XDP~COURSE!~ui-design/XDP~COURSE!~ui-design.jpeg
CSRA7842346,Interaction Design Specialization,specializations,https://www.coursera.org/specializations/interaction-design,https://s3.amazonaws.com/coursera_assets/meta_images/generated/XDP/XDP~SPECIALIZATION!~interaction-design/XDP~SPECIALIZATION!~interaction-design.jpeg
CSRA7422584,Networking,-,https://www.coursera.org/browse/information-technology/networking,https://s3.amazonaws.com/coursera/media/Grid_Coursera_Partners_updated.png
CSRA8487394,Fundamentals of Computer Network Security Specialization,specializations,https://www.coursera.org/specializations/computer-network-security,https://s3.amazonaws.com/coursera_assets/meta_images/generated/XDP/XDP~SPECIALIZATION!~computer-network-security/XDP~SPECIALIZATION!~computer-network-security.jpeg
CSRA1997736,Introduction to Networking and Storage,course,https://www.coursera.org/learn/introduction-to-networking-and-storage,https://s3.amazonaws.com/coursera_assets/meta_images/generated/XDP/XDP~COURSE!~introduction-to-networking-and-storage/XDP~COURSE!~introduction-to-networking-and-storage.jpeg
CSRA9598566,Creando una aplicación con Stellar SDK,guided project,https://www.coursera.org/projects/creando-stellar-sdk,https://s3.amazonaws.com/coursera_assets/meta_images/generated/XDP/XDP~COURSE!~creando-stellar-sdk/XDP~COURSE!~creando-stellar-sdk.jpeg
CSRA9971546,Crea y vende tus NFT en marketplace,guided project,https://www.coursera.org/projects/crea-nft,https://s3.amazonaws.com/coursera_assets/meta_images/generated/XDP/XDP~COURSE!~crea-nft/XDP~COURSE!~crea-nft.jpeg
CSRA6969861,البدء باستخدام برنامج packet tracer,guided project,https://www.coursera.org/projects/albad-biastikhdam-barnamaj-packet-tracer,https://s3.amazonaws.com/coursera_assets/meta_images/generated/XDP/XDP~COURSE!~albad-biastikhdam-barnamaj-packet-tracer/XDP~COURSE!~albad-biastikhdam-barnamaj-packet-tracer.jpeg
CSRA7363784,Diseñando tarjetas de presentación en Adobe Illustrator,guided project,https://www.coursera.org/projects/diseando-tarjetas-de-presentacion-en-adobe-illustrator,https://s3.amazonaws.com/coursera_assets/meta_images/generated/XDP/XDP~COURSE!~diseando-tarjetas-de-presentacion-en-adobe-illustrator/XDP~COURSE!~diseando-tarjetas-de-presentacion-en-adobe-illustrator.jpeg
CSRA9551829,Computer Security and Systems Management Specialization,specializations,https://www.coursera.org/specializations/computer-security-systems-management,https://s3.amazonaws.com/coursera_assets/meta_images/generated/XDP/XDP~SPECIALIZATION!~computer-security-systems-management/XDP~SPECIALIZATION!~computer-security-systems-management.jpeg
CSRA9834339,Introduction to Cyber Security Specialization,specializations,https://www.coursera.org/specializations/intro-cyber-security,https://s3.amazonaws.com/coursera_assets/meta_images/generated/XDP/XDP~SPECIALIZATION!~intro-cyber-security/XDP~SPECIALIZATION!~intro-cyber-security.jpeg
CSRA9671417,(ISC)² Systems Security Certified Practitioner (SSCP),professional certificates,https://www.coursera.org/professional-certificates/sscp-training,https://s3.amazonaws.com/coursera_assets/meta_images/generated/XDP/XDP~SPECIALIZATION!~sscp-training/XDP~SPECIALIZATION!~sscp-training.jpeg
CSRA8548152,Google IT Support Professional Certificate,professional certificates,https://www.coursera.org/professional-certificates/google-it-support,https://s3.amazonaws.com/coursera_assets/meta_images/generated/XDP/XDP~SPECIALIZATION!~google-it-support/XDP~SPECIALIZATION!~google-it-support.jpeg
CSRA8222926,Networking in Google Cloud: Defining and Implementing Networks,course,https://www.coursera.org/learn/networking-gcp-defining-implementing-networks,https://s3.amazonaws.com/coursera_assets/meta_images/generated/XDP/XDP~COURSE!~networking-gcp-defining-implementing-networks/XDP~COURSE!~networking-gcp-defining-implementing-networks.jpeg
CSRA6368396,Los bits y bytes de las redes informáticas,course,https://www.coursera.org/learn/redes-informaticas,https://s3.amazonaws.com/coursera_assets/meta_images/generated/XDP/XDP~COURSE!~redes-informaticas/XDP~COURSE!~redes-informaticas.jpeg
CSRA3984532,Estrutura e Funcionamento das Redes de Computadores,course,https://www.coursera.org/learn/redes-computadores,https://s3.amazonaws.com/coursera_assets/meta_images/generated/XDP/XDP~COURSE!~redes-computadores/XDP~COURSE!~redes-computadores.jpeg
CSRA2517317,Seluk Beluk Jaringan Komputer,course,https://www.coursera.org/learn/seluk-beluk-jaringan-komputer,https://s3.amazonaws.com/coursera_assets/meta_images/generated/XDP/XDP~COURSE!~seluk-beluk-jaringan-komputer/XDP~COURSE!~seluk-beluk-jaringan-komputer.jpeg
CSRA2545961,Networking in Google Cloud 日本語版 Specialization,specializations,https://www.coursera.org/specializations/networking-google-cloud-platform-jp,https://s3.amazonaws.com/coursera_assets/meta_images/generated/XDP/XDP~SPECIALIZATION!~networking-google-cloud-platform-jp/XDP~SPECIALIZATION!~networking-google-cloud-platform-jp.jpeg
CSRA5624241,The Bits and Bytes of Computer Networking,course,https://www.coursera.org/learn/computer-networking,https://s3.amazonaws.com/coursera_assets/meta_images/generated/XDP/XDP~COURSE!~computer-networking/XDP~COURSE!~computer-networking.jpeg
CSRA5683376,Networking in Google Cloud Specialization,specializations,https://www.coursera.org/specializations/networking-google-cloud-platform,https://s3.amazonaws.com/coursera_assets/meta_images/generated/XDP/XDP~SPECIALIZATION!~networking-google-cloud-platform/XDP~SPECIALIZATION!~networking-google-cloud-platform.jpeg
CSRA8529364,AWS Cloud Technical Essentials,course,https://www.coursera.org/learn/aws-cloud-technical-essentials,https://s3.amazonaws.com/coursera_assets/meta_images/generated/XDP/XDP~COURSE!~aws-cloud-technical-essentials/XDP~COURSE!~aws-cloud-technical-essentials.jpeg
CSRA1834775,The Bits and Bytes of Computer Networking,course,https://www.coursera.org/learn/computer-networking,https://s3.amazonaws.com/coursera_assets/meta_images/generated/XDP/XDP~COURSE!~computer-networking/XDP~COURSE!~computer-networking.jpeg
CSRA2412264,Site Reliability Engineering: Measuring and Managing Reliability,course,https://www.coursera.org/learn/site-reliability-engineering-slos,https://s3.amazonaws.com/coursera_assets/meta_images/generated/XDP/XDP~COURSE!~site-reliability-engineering-slos/XDP~COURSE!~site-reliability-engineering-slos.jpeg
CSRA7319938,Continuous Delivery & DevOps,course,https://www.coursera.org/learn/uva-darden-continous-delivery-devops,https://s3.amazonaws.com/coursera_assets/meta_images/generated/XDP/XDP~COURSE!~uva-darden-continous-delivery-devops/XDP~COURSE!~uva-darden-continous-delivery-devops.jpeg
CSRA7964616,Introduction to Hardware and Operating Systems,course,https://www.coursera.org/learn/introduction-to-hardware-and-operating-systems,https://s3.amazonaws.com/coursera_assets/meta_images/generated/XDP/XDP~COURSE!~introduction-to-hardware-and-operating-systems/XDP~COURSE!~introduction-to-hardware-and-operating-systems.jpeg
CSRA1525345,IT Support Google Professional Certificate,professional certificates,https://www.coursera.org/professional-certificates/sertifikat-it-support-profesional-google,https://s3.amazonaws.com/coursera_assets/meta_images/generated/XDP/XDP~SPECIALIZATION!~sertifikat-it-support-profesional-google/XDP~SPECIALIZATION!~sertifikat-it-support-profesional-google.jpeg
CSRA2633524,Sistem Operasi dan Anda: Menjadi Pengguna yang Berdaya,course,https://www.coursera.org/learn/sistem-operasi-dan-anda-menjadi-pengguna-yang-berdaya,https://s3.amazonaws.com/coursera_assets/meta_images/generated/XDP/XDP~COURSE!~sistem-operasi-dan-anda-menjadi-pengguna-yang-berdaya/XDP~COURSE!~sistem-operasi-dan-anda-menjadi-pengguna-yang-berdaya.jpeg
CSRA6718529,Dasar-Dasar Dukungan Teknis,course,https://www.coursera.org/learn/dasar-dasar-dukungan-teknis,https://s3.amazonaws.com/coursera_assets/meta_images/generated/XDP/XDP~COURSE!~dasar-dasar-dukungan-teknis/XDP~COURSE!~dasar-dasar-dukungan-teknis.jpeg
CSRA8987264,Fundamentos do Suporte Técnico,course,https://www.coursera.org/learn/fundamentos-do-suporte-tecnico,https://s3.amazonaws.com/coursera_assets/meta_images/generated/XDP/XDP~COURSE!~fundamentos-do-suporte-tecnico/XDP~COURSE!~fundamentos-do-suporte-tecnico.jpeg
CSRA6348414,Palo Alto Networks Cybersecurity Professional Certificate,professional certificates,https://www.coursera.org/professional-certificates/palo-alto-networks-cybersecurity-fundamentals,https://s3.amazonaws.com/coursera_assets/meta_images/generated/XDP/XDP~SPECIALIZATION!~palo-alto-networks-cybersecurity-fundamentals/XDP~SPECIALIZATION!~palo-alto-networks-cybersecurity-fundamentals.jpeg
CSRA7855684,Oracle Cloud Infrastructure Foundations,course,https://www.coursera.org/learn/oraclecloud-infrastructure-foundations,https://s3.amazonaws.com/coursera_assets/meta_images/generated/XDP/XDP~COURSE!~oraclecloud-infrastructure-foundations/XDP~COURSE!~oraclecloud-infrastructure-foundations.jpeg
CSRA9398799,Juniper Networks Junos Platform Automation and DevOps Specialization,specializations,https://www.coursera.org/specializations/ijaut,https://s3.amazonaws.com/coursera_assets/meta_images/generated/XDP/XDP~SPECIALIZATION!~ijaut/XDP~SPECIALIZATION!~ijaut.jpeg
CSRA7281571,IBM Technical Support  Professional Certificate,professional certificates,https://www.coursera.org/professional-certificates/ibm-technical-support,https://s3.amazonaws.com/coursera_assets/meta_images/generated/XDP/XDP~SPECIALIZATION!~ibm-technical-support/XDP~SPECIALIZATION!~ibm-technical-support.jpeg
CSRA8538866,Technical Support Fundamentals,course,https://www.coursera.org/learn/technical-support-fundamentals,https://s3.amazonaws.com/coursera_assets/meta_images/generated/XDP/XDP~COURSE!~technical-support-fundamentals/XDP~COURSE!~technical-support-fundamentals.jpeg
CSRA4118828,Google IT Automation with Python Professional Certificate,professional certificates,https://www.coursera.org/professional-certificates/google-it-automation,https://s3.amazonaws.com/coursera_assets/meta_images/generated/XDP/XDP~SPECIALIZATION!~google-it-automation/XDP~SPECIALIZATION!~google-it-automation.jpeg
CSRA1258554,IBM DevOps and Software Engineering Professional Certificate,professional certificates,https://www.coursera.org/professional-certificates/devops-and-software-engineering,https://s3.amazonaws.com/coursera_assets/meta_images/generated/XDP/XDP~SPECIALIZATION!~devops-and-software-engineering/XDP~SPECIALIZATION!~devops-and-software-engineering.jpeg
CSRA4478522,Google IT Support Professional Certificate,professional certificates,https://www.coursera.org/professional-certificates/google-it-support,https://s3.amazonaws.com/coursera_assets/meta_images/generated/XDP/XDP~SPECIALIZATION!~google-it-support/XDP~SPECIALIZATION!~google-it-support.jpeg
CSRA6623211,Crash Course on Python,course,https://www.coursera.org/learn/python-crash-course,https://s3.amazonaws.com/coursera_assets/meta_images/generated/XDP/XDP~COURSE!~python-crash-course/XDP~COURSE!~python-crash-course.jpeg
CSRA5141159,Google IT Automation with Python Professional Certificate,professional certificates,https://www.coursera.org/professional-certificates/google-it-automation,https://s3.amazonaws.com/coursera_assets/meta_images/generated/XDP/XDP~SPECIALIZATION!~google-it-automation/XDP~SPECIALIZATION!~google-it-automation.jpeg
CSRA3196315,Technical Support Fundamentals,course,https://www.coursera.org/learn/technical-support-fundamentals,https://s3.amazonaws.com/coursera_assets/meta_images/generated/XDP/XDP~COURSE!~technical-support-fundamentals/XDP~COURSE!~technical-support-fundamentals.jpeg
CSRA8741762,Google IT Support Professional Certificate,professional certificates,https://www.coursera.org/professional-certificates/google-it-support,https://s3.amazonaws.com/coursera_assets/meta_images/generated/XDP/XDP~SPECIALIZATION!~google-it-support/XDP~SPECIALIZATION!~google-it-support.jpeg
CSRA7836235,Enterprise System Management and Security,course,https://www.coursera.org/learn/enterprise-system-management-security,https://s3.amazonaws.com/coursera_assets/meta_images/generated/XDP/XDP~COURSE!~enterprise-system-management-security/XDP~COURSE!~enterprise-system-management-security.jpeg
CSRA5597842,Customer Service Fundamentals,course,https://www.coursera.org/learn/customer-service-fundamentals,https://s3.amazonaws.com/coursera_assets/meta_images/generated/XDP/XDP~COURSE!~customer-service-fundamentals/XDP~COURSE!~customer-service-fundamentals.jpeg
CSRA5943615,Using Python to Interact with the Operating System,course,https://www.coursera.org/learn/python-operating-system,https://s3.amazonaws.com/coursera_assets/meta_images/generated/XDP/XDP~COURSE!~python-operating-system/XDP~COURSE!~python-operating-system.jpeg
CSRA3337312,Information​ ​Systems Specialization,specializations,https://www.coursera.org/specializations/information-systems,https://s3.amazonaws.com/coursera_assets/meta_images/generated/XDP/XDP~SPECIALIZATION!~information-systems/XDP~SPECIALIZATION!~information-systems.jpeg
CSRA3328153,The Data Scientist’s Toolbox,course,https://www.coursera.org/learn/data-scientists-tools,https://s3.amazonaws.com/coursera_assets/meta_images/generated/XDP/XDP~COURSE!~data-scientists-tools/XDP~COURSE!~data-scientists-tools.jpeg
CSRA1241712,Natural Language Processing Specialization,specializations,https://www.coursera.org/specializations/natural-language-processing,https://s3.amazonaws.com/coursera_assets/meta_images/generated/XDP/XDP~SPECIALIZATION!~natural-language-processing/XDP~SPECIALIZATION!~natural-language-processing.jpeg
CSRA8657974,Analyze Network Traffic with TCPDump,guided project,https://www.coursera.org/projects/analyze-network-traffic-with-tcpdump,https://s3.amazonaws.com/coursera_assets/meta_images/generated/XDP/XDP~COURSE!~analyze-network-traffic-with-tcpdump/XDP~COURSE!~analyze-network-traffic-with-tcpdump.jpeg
CSRA9334114,Configurer un pare-feu avec UFW sous Linux,guided project,https://www.coursera.org/projects/configurer-pare-feu-firewall-ufw-ubuntu-linux,https://s3.amazonaws.com/coursera_assets/meta_images/generated/XDP/XDP~COURSE!~configurer-pare-feu-firewall-ufw-ubuntu-linux/XDP~COURSE!~configurer-pare-feu-firewall-ufw-ubuntu-linux.jpeg
CSRA4849823,مقدمة عن شبكات الحاسوب وأجهزة سيسكو (Cisco),guided project,https://www.coursera.org/projects/muqadimat-ean-shabakat-alhasub-sisku-cisco-,https://s3.amazonaws.com/coursera_assets/meta_images/generated/XDP/XDP~COURSE!~muqadimat-ean-shabakat-alhasub-sisku-cisco-/XDP~COURSE!~muqadimat-ean-shabakat-alhasub-sisku-cisco-.jpeg
CSRA5228745,البدء باستخدام برنامج packet tracer,guided project,https://www.coursera.org/projects/albad-biastikhdam-barnamaj-packet-tracer,https://s3.amazonaws.com/coursera_assets/meta_images/generated/XDP/XDP~COURSE!~albad-biastikhdam-barnamaj-packet-tracer/XDP~COURSE!~albad-biastikhdam-barnamaj-packet-tracer.jpeg
CSRA2274364,Computer Security and Systems Management Specialization,specializations,https://www.coursera.org/specializations/computer-security-systems-management,https://s3.amazonaws.com/coursera_assets/meta_images/generated/XDP/XDP~SPECIALIZATION!~computer-security-systems-management/XDP~SPECIALIZATION!~computer-security-systems-management.jpeg
CSRA8391847,Introduction to Cyber Security Specialization,specializations,https://www.coursera.org/specializations/intro-cyber-security,https://s3.amazonaws.com/coursera_assets/meta_images/generated/XDP/XDP~SPECIALIZATION!~intro-cyber-security/XDP~SPECIALIZATION!~intro-cyber-security.jpeg
CSRA8455154,(ISC)² Systems Security Certified Practitioner (SSCP),professional certificates,https://www.coursera.org/professional-certificates/sscp-training,https://s3.amazonaws.com/coursera_assets/meta_images/generated/XDP/XDP~SPECIALIZATION!~sscp-training/XDP~SPECIALIZATION!~sscp-training.jpeg
CSRA7943266,Google IT Support Professional Certificate,professional certificates,https://www.coursera.org/professional-certificates/google-it-support,https://s3.amazonaws.com/coursera_assets/meta_images/generated/XDP/XDP~SPECIALIZATION!~google-it-support/XDP~SPECIALIZATION!~google-it-support.jpeg
CSRA1696243,Sistem Operasi dan Anda: Menjadi Pengguna yang Berdaya,course,https://www.coursera.org/learn/sistem-operasi-dan-anda-menjadi-pengguna-yang-berdaya,https://s3.amazonaws.com/coursera_assets/meta_images/generated/XDP/XDP~COURSE!~sistem-operasi-dan-anda-menjadi-pengguna-yang-berdaya/XDP~COURSE!~sistem-operasi-dan-anda-menjadi-pengguna-yang-berdaya.jpeg
CSRA6292351,Segurança de TI: Defesa Contra as Artes Obscuras do Mundo Digital,course,https://www.coursera.org/learn/seguranca-de-it,https://s3.amazonaws.com/coursera_assets/meta_images/generated/XDP/XDP~COURSE!~seguranca-de-it/XDP~COURSE!~seguranca-de-it.jpeg
CSRA8534893,Essential Cloud Infrastructure: Foundation dalam bahasa Indonesia,course,https://www.coursera.org/learn/essential-cloud-infrastructure-foundation-id,https://s3.amazonaws.com/coursera_assets/meta_images/generated/XDP/XDP~COURSE!~essential-cloud-infrastructure-foundation-id/XDP~COURSE!~essential-cloud-infrastructure-foundation-id.jpeg
CSRA4999871,Keamanan IT: Pertahanan terhadap Kejahatan Digital,course,https://www.coursera.org/learn/keamanan-it-pertahanan-terhadap-kejahatan-digital,https://s3.amazonaws.com/coursera_assets/meta_images/generated/XDP/XDP~COURSE!~keamanan-it-pertahanan-terhadap-kejahatan-digital/XDP~COURSE!~keamanan-it-pertahanan-terhadap-kejahatan-digital.jpeg
CSRA1764245,IT Fundamentals for Cybersecurity Specialization,specializations,https://www.coursera.org/specializations/it-fundamentals-cybersecurity,https://s3.amazonaws.com/coursera_assets/meta_images/generated/XDP/XDP~SPECIALIZATION!~it-fundamentals-cybersecurity/XDP~SPECIALIZATION!~it-fundamentals-cybersecurity.jpeg
CSRA8531267,Architecting with Google Kubernetes Engine Specialization,specializations,https://www.coursera.org/specializations/architecting-google-kubernetes-engine,https://s3.amazonaws.com/coursera_assets/meta_images/generated/XDP/XDP~SPECIALIZATION!~architecting-google-kubernetes-engine/XDP~SPECIALIZATION!~architecting-google-kubernetes-engine.jpeg
CSRA1451461,Architecting with Google Compute Engine Specialization,specializations,https://www.coursera.org/specializations/gcp-architecture,https://s3.amazonaws.com/coursera_assets/meta_images/generated/XDP/XDP~SPECIALIZATION!~gcp-architecture/XDP~SPECIALIZATION!~gcp-architecture.jpeg
CSRA8765229,Google IT Support Professional Certificate,professional certificates,https://www.coursera.org/professional-certificates/google-it-support,https://s3.amazonaws.com/coursera_assets/meta_images/generated/XDP/XDP~SPECIALIZATION!~google-it-support/XDP~SPECIALIZATION!~google-it-support.jpeg
CSRA7636492,Architecting with Google Kubernetes Engine Specialization,specializations,https://www.coursera.org/specializations/architecting-google-kubernetes-engine,https://s3.amazonaws.com/coursera_assets/meta_images/generated/XDP/XDP~SPECIALIZATION!~architecting-google-kubernetes-engine/XDP~SPECIALIZATION!~architecting-google-kubernetes-engine.jpeg
CSRA3687476,Architecting with Google Compute Engine Specialization,specializations,https://www.coursera.org/specializations/gcp-architecture,https://s3.amazonaws.com/coursera_assets/meta_images/generated/XDP/XDP~SPECIALIZATION!~gcp-architecture/XDP~SPECIALIZATION!~gcp-architecture.jpeg
CSRA1995118,Bitcoin and Cryptocurrency Technologies,course,https://www.coursera.org/learn/cryptocurrency,https://s3.amazonaws.com/coursera_assets/meta_images/generated/XDP/XDP~COURSE!~cryptocurrency/XDP~COURSE!~cryptocurrency.jpeg
CSRA6676967,Google IT Support Professional Certificate,professional certificates,https://www.coursera.org/professional-certificates/google-it-support,https://s3.amazonaws.com/coursera_assets/meta_images/generated/XDP/XDP~SPECIALIZATION!~google-it-support/XDP~SPECIALIZATION!~google-it-support.jpeg
CSRA5876896,Cybersecurity: Developing a Program for Your Business Specialization,specializations,https://www.coursera.org/specializations/cybersecurity-developing-program-for-business,https://s3.amazonaws.com/coursera_assets/meta_images/generated/XDP/XDP~SPECIALIZATION!~cybersecurity-developing-program-for-business/XDP~SPECIALIZATION!~cybersecurity-developing-program-for-business.jpeg
CSRA8357927,Information​ ​Systems Specialization,specializations,https://www.coursera.org/specializations/information-systems,https://s3.amazonaws.com/coursera_assets/meta_images/generated/XDP/XDP~SPECIALIZATION!~information-systems/XDP~SPECIALIZATION!~information-systems.jpeg
CSRA6537569,-,specializations,https://www.coursera.org/specializations/business-technology-managment,https://s3.amazonaws.com/coursera/media/Grid_Coursera_Partners_updated.png
CSRA4294519,Cybersecurity for Business Specialization,specializations,https://www.coursera.org/specializations/cyber-security-business,https://s3.amazonaws.com/coursera_assets/meta_images/generated/XDP/XDP~SPECIALIZATION!~cyber-security-business/XDP~SPECIALIZATION!~cyber-security-business.jpeg
CSRA6194939,Data Structures and Algorithms Specialization,specializations,https://www.coursera.org/specializations/data-structures-algorithms,https://s3.amazonaws.com/coursera_assets/meta_images/generated/XDP/XDP~SPECIALIZATION!~data-structures-algorithms/XDP~SPECIALIZATION!~data-structures-algorithms.jpeg
CSRA8863469,Algorithms Specialization,specializations,https://www.coursera.org/specializations/algorithms,https://s3.amazonaws.com/coursera_assets/meta_images/generated/XDP/XDP~SPECIALIZATION!~algorithms/XDP~SPECIALIZATION!~algorithms.jpeg
CSRA9146979,Machine Learning Engineering for Production (MLOps) Specialization,specializations,https://www.coursera.org/specializations/machine-learning-engineering-for-production-mlops,https://s3.amazonaws.com/coursera_assets/meta_images/generated/XDP/XDP~SPECIALIZATION!~machine-learning-engineering-for-production-mlops/XDP~SPECIALIZATION!~machine-learning-engineering-for-production-mlops.jpeg
CSRA7647161,Differential Equations for Engineers,course,https://www.coursera.org/learn/differential-equations-engineers,https://s3.amazonaws.com/coursera_assets/meta_images/generated/XDP/XDP~COURSE!~differential-equations-engineers/XDP~COURSE!~differential-equations-engineers.jpeg
CSRA4673778,-,specializations,https://www.coursera.org/specializations/mathematics-for-data-science,https://s3.amazonaws.com/coursera/media/Grid_Coursera_Partners_updated.png
CSRA5845983,Advanced Statistics for Data Science Specialization,specializations,https://www.coursera.org/specializations/advanced-statistics-data-science,https://s3.amazonaws.com/coursera_assets/meta_images/generated/XDP/XDP~SPECIALIZATION!~advanced-statistics-data-science/XDP~SPECIALIZATION!~advanced-statistics-data-science.jpeg
CSRA8442321,Precalculus through Data and Modelling Specialization,specializations,https://www.coursera.org/specializations/precalculus-data-modelling,https://s3.amazonaws.com/coursera_assets/meta_images/generated/XDP/XDP~SPECIALIZATION!~precalculus-data-modelling/XDP~SPECIALIZATION!~precalculus-data-modelling.jpeg
CSRA1962588,Mathematics for Engineers Specialization,specializations,https://www.coursera.org/specializations/mathematics-engineers,https://s3.amazonaws.com/coursera_assets/meta_images/generated/XDP/XDP~SPECIALIZATION!~mathematics-engineers/XDP~SPECIALIZATION!~mathematics-engineers.jpeg
CSRA3238782,Differential Equations for Engineers,course,https://www.coursera.org/learn/differential-equations-engineers,https://s3.amazonaws.com/coursera_assets/meta_images/generated/XDP/XDP~COURSE!~differential-equations-engineers/XDP~COURSE!~differential-equations-engineers.jpeg
CSRA8338922,Matrix Algebra for Engineers,course,https://www.coursera.org/learn/matrix-algebra-engineers,https://s3.amazonaws.com/coursera_assets/meta_images/generated/XDP/XDP~COURSE!~matrix-algebra-engineers/XDP~COURSE!~matrix-algebra-engineers.jpeg
CSRA4293149,Contenido de las matemáticas de primaria,course,https://www.coursera.org/learn/contenido-matematica-escolar,https://s3.amazonaws.com/coursera_assets/meta_images/generated/XDP/XDP~COURSE!~contenido-matematica-escolar/XDP~COURSE!~contenido-matematica-escolar.jpeg
CSRA9834573,Calculus: Single Variable Part 1 - Functions,course,https://www.coursera.org/learn/single-variable-calculus,https://s3.amazonaws.com/coursera_assets/meta_images/generated/XDP/XDP~COURSE!~single-variable-calculus/XDP~COURSE!~single-variable-calculus.jpeg
CSRA9738618,Vector Calculus for Engineers,course,https://www.coursera.org/learn/vector-calculus-engineers,https://s3.amazonaws.com/coursera_assets/meta_images/generated/XDP/XDP~COURSE!~vector-calculus-engineers/XDP~COURSE!~vector-calculus-engineers.jpeg
CSRA4422997,Fibonacci Numbers and the Golden Ratio,course,https://www.coursera.org/learn/fibonacci,https://s3.amazonaws.com/coursera_assets/meta_images/generated/XDP/XDP~COURSE!~fibonacci/XDP~COURSE!~fibonacci.jpeg
CSRA6128973,Matrix Algebra for Engineers,course,https://www.coursera.org/learn/matrix-algebra-engineers,https://s3.amazonaws.com/coursera_assets/meta_images/generated/XDP/XDP~COURSE!~matrix-algebra-engineers/XDP~COURSE!~matrix-algebra-engineers.jpeg
CSRA9628683,Game Theory,course,https://www.coursera.org/learn/game-theory-1,https://s3.amazonaws.com/coursera_assets/meta_images/generated/XDP/XDP~COURSE!~game-theory-1/XDP~COURSE!~game-theory-1.jpeg
CSRA4652435,SQL for Data Science,course,https://www.coursera.org/learn/sql-for-data-science,https://s3.amazonaws.com/coursera_assets/meta_images/generated/XDP/XDP~COURSE!~sql-for-data-science/XDP~COURSE!~sql-for-data-science.jpeg
CSRA8512557,The Data Scientist’s Toolbox,course,https://www.coursera.org/learn/data-scientists-tools,https://s3.amazonaws.com/coursera_assets/meta_images/generated/XDP/XDP~COURSE!~data-scientists-tools/XDP~COURSE!~data-scientists-tools.jpeg
CSRA5529722,Mathematics for Machine Learning Specialization,specializations,https://www.coursera.org/specializations/mathematics-machine-learning,https://s3.amazonaws.com/coursera_assets/meta_images/generated/XDP/XDP~SPECIALIZATION!~mathematics-machine-learning/XDP~SPECIALIZATION!~mathematics-machine-learning.jpeg
CSRA5961877,Introduction to Mathematical Thinking,course,https://www.coursera.org/learn/mathematical-thinking,https://s3.amazonaws.com/coursera_assets/meta_images/generated/XDP/XDP~COURSE!~mathematical-thinking/XDP~COURSE!~mathematical-thinking.jpeg
CSRA9348816,Game Theory,course,https://www.coursera.org/learn/game-theory-1,https://s3.amazonaws.com/coursera_assets/meta_images/generated/XDP/XDP~COURSE!~game-theory-1/XDP~COURSE!~game-theory-1.jpeg
CSRA5722737,SQL for Data Science,course,https://www.coursera.org/learn/sql-for-data-science,https://s3.amazonaws.com/coursera_assets/meta_images/generated/XDP/XDP~COURSE!~sql-for-data-science/XDP~COURSE!~sql-for-data-science.jpeg
CSRA6558518,Understanding Research Methods,course,https://www.coursera.org/learn/research-methods,https://s3.amazonaws.com/coursera_assets/meta_images/generated/XDP/XDP~COURSE!~research-methods/XDP~COURSE!~research-methods.jpeg
CSRA4264553,Computational Fluid Mechanics - Airflow Around a Spoiler,guided project,https://www.coursera.org/projects/computational-fluid-mechanics-airflow-around-a-spoiler-uktyf,https://s3.amazonaws.com/coursera_assets/meta_images/generated/XDP/XDP~COURSE!~computational-fluid-mechanics-airflow-around-a-spoiler-uktyf/XDP~COURSE!~computational-fluid-mechanics-airflow-around-a-spoiler-uktyf.jpeg
CSRA5387616,Meta Front-End Developer Professional Certificate,professional certificates,https://www.coursera.org/professional-certificates/meta-front-end-developer,https://s3.amazonaws.com/coursera_assets/meta_images/generated/XDP/XDP~SPECIALIZATION!~meta-front-end-developer/XDP~SPECIALIZATION!~meta-front-end-developer.jpeg
CSRA2646327,Excel Basics for Data Analysis,course,https://www.coursera.org/learn/excel-basics-data-analysis-ibm,https://s3.amazonaws.com/coursera_assets/meta_images/generated/XDP/XDP~COURSE!~excel-basics-data-analysis-ibm/XDP~COURSE!~excel-basics-data-analysis-ibm.jpeg
CSRA5923971,Essential Cloud Infrastructure: Core Services dalam bahasa Indonesia,course,https://www.coursera.org/learn/essential-cloud-infrastructure-core-services-id,https://s3.amazonaws.com/coursera_assets/meta_images/generated/XDP/XDP~COURSE!~essential-cloud-infrastructure-core-services-id/XDP~COURSE!~essential-cloud-infrastructure-core-services-id.jpeg
CSRA7422478,El Abogado del Futuro: Legaltech y la Transformación Digital del Derecho,course,https://www.coursera.org/learn/legaltech,https://s3.amazonaws.com/coursera_assets/meta_images/generated/XDP/XDP~COURSE!~legaltech/XDP~COURSE!~legaltech.jpeg
CSRA4952484,Google Cloud Fundamentals: Core Infrastructure dalam bahasa Indonesia,course,https://www.coursera.org/learn/gcp-fundamentals-core-infrastructure-id,https://s3.amazonaws.com/coursera_assets/meta_images/generated/XDP/XDP~COURSE!~gcp-fundamentals-core-infrastructure-id/XDP~COURSE!~gcp-fundamentals-core-infrastructure-id.jpeg
CSRA1816897,Essential Cloud Infrastructure: Foundation dalam bahasa Indonesia,course,https://www.coursera.org/learn/essential-cloud-infrastructure-foundation-id,https://s3.amazonaws.com/coursera_assets/meta_images/generated/XDP/XDP~COURSE!~essential-cloud-infrastructure-foundation-id/XDP~COURSE!~essential-cloud-infrastructure-foundation-id.jpeg
CSRA8968353,Mastering the Software Engineering Interview,course,https://www.coursera.org/learn/cs-tech-interview,https://s3.amazonaws.com/coursera_assets/meta_images/generated/XDP/XDP~COURSE!~cs-tech-interview/XDP~COURSE!~cs-tech-interview.jpeg
CSRA2557341,Introduction to Software Product Management,course,https://www.coursera.org/learn/introduction-to-software-product-management,https://s3.amazonaws.com/coursera_assets/meta_images/generated/XDP/XDP~COURSE!~introduction-to-software-product-management/XDP~COURSE!~introduction-to-software-product-management.jpeg
CSRA4133923,Hypothesis-Driven Development,course,https://www.coursera.org/learn/uva-darden-agile-testing,https://s3.amazonaws.com/coursera_assets/meta_images/generated/XDP/XDP~COURSE!~uva-darden-agile-testing/XDP~COURSE!~uva-darden-agile-testing.jpeg
CSRA5645599,Agile Project Management,course,https://www.coursera.org/learn/agile-project-management,https://s3.amazonaws.com/coursera_assets/meta_images/generated/XDP/XDP~COURSE!~agile-project-management/XDP~COURSE!~agile-project-management.jpeg
CSRA3683611,Preparing for Google Cloud Certification: Cloud DevOps Engineer Professional Certificate,professional certificates,https://www.coursera.org/professional-certificates/sre-devops-engineer-google-cloud,https://s3.amazonaws.com/coursera_assets/meta_images/generated/XDP/XDP~SPECIALIZATION!~sre-devops-engineer-google-cloud/XDP~SPECIALIZATION!~sre-devops-engineer-google-cloud.jpeg
CSRA1188784,Google IT Automation with Python Professional Certificate,professional certificates,https://www.coursera.org/professional-certificates/google-it-automation,https://s3.amazonaws.com/coursera_assets/meta_images/generated/XDP/XDP~SPECIALIZATION!~google-it-automation/XDP~SPECIALIZATION!~google-it-automation.jpeg
CSRA5596286,IBM Full Stack Software Developer Professional Certificate,professional certificates,https://www.coursera.org/professional-certificates/ibm-full-stack-cloud-developer,https://s3.amazonaws.com/coursera_assets/meta_images/generated/XDP/XDP~SPECIALIZATION!~ibm-full-stack-cloud-developer/XDP~SPECIALIZATION!~ibm-full-stack-cloud-developer.jpeg
CSRA5926475,Key Technologies for Business Specialization,specializations,https://www.coursera.org/specializations/key-technologies-for-business,https://s3.amazonaws.com/coursera_assets/meta_images/generated/XDP/XDP~SPECIALIZATION!~key-technologies-for-business/XDP~SPECIALIZATION!~key-technologies-for-business.jpeg
CSRA5632761,Preparing for Google Cloud Certification: Cloud Architect Professional Certificate,professional certificates,https://www.coursera.org/professional-certificates/gcp-cloud-architect,https://s3.amazonaws.com/coursera_assets/meta_images/generated/XDP/XDP~SPECIALIZATION!~gcp-cloud-architect/XDP~SPECIALIZATION!~gcp-cloud-architect.jpeg
CSRA9193455,Preparing for Google Cloud Certification: Cloud DevOps Engineer Professional Certificate,professional certificates,https://www.coursera.org/professional-certificates/sre-devops-engineer-google-cloud,https://s3.amazonaws.com/coursera_assets/meta_images/generated/XDP/XDP~SPECIALIZATION!~sre-devops-engineer-google-cloud/XDP~SPECIALIZATION!~sre-devops-engineer-google-cloud.jpeg
CSRA2487744,Google IT Automation with Python Professional Certificate,professional certificates,https://www.coursera.org/professional-certificates/google-it-automation,https://s3.amazonaws.com/coursera_assets/meta_images/generated/XDP/XDP~SPECIALIZATION!~google-it-automation/XDP~SPECIALIZATION!~google-it-automation.jpeg
CSRA5464385,Key Technologies for Business Specialization,specializations,https://www.coursera.org/specializations/key-technologies-for-business,https://s3.amazonaws.com/coursera_assets/meta_images/generated/XDP/XDP~SPECIALIZATION!~key-technologies-for-business/XDP~SPECIALIZATION!~key-technologies-for-business.jpeg
CSRA8843498,Hybrid Cloud Service Mesh with Anthos,course,https://www.coursera.org/learn/hybrid-cloud-service-mesh-anthos,https://s3.amazonaws.com/coursera_assets/meta_images/generated/XDP/XDP~COURSE!~hybrid-cloud-service-mesh-anthos/XDP~COURSE!~hybrid-cloud-service-mesh-anthos.jpeg
CSRA4882475,Big Data Analytical Platform on Alibaba Cloud,course,https://www.coursera.org/learn/alibabacloudbigdata,https://s3.amazonaws.com/coursera_assets/meta_images/generated/XDP/XDP~COURSE!~alibabacloudbigdata/XDP~COURSE!~alibabacloudbigdata.jpeg
CSRA6877897,Amazon DynamoDB: Building NoSQL Database-Driven Applications,course,https://www.coursera.org/learn/dynamodb-nosql-database-driven-apps,https://s3.amazonaws.com/coursera_assets/meta_images/generated/XDP/XDP~COURSE!~dynamodb-nosql-database-driven-apps/XDP~COURSE!~dynamodb-nosql-database-driven-apps.jpeg
CSRA3796368,Cloud Systems Software,course,https://www.coursera.org/learn/cloud-sys-software,https://s3.amazonaws.com/coursera_assets/meta_images/generated/XDP/XDP~COURSE!~cloud-sys-software/XDP~COURSE!~cloud-sys-software.jpeg
CSRA2966142,"Programming Foundations with JavaScript,Duke University,https://www.coursera.org/learn/duke-programming-web,course
CSRA8242339,Programming for Everybody (Getting Started with Python),course,https://www.coursera.org/learn/python,https://s3.amazonaws.com/coursera_assets/meta_images/generated/XDP/XDP~COURSE!~python/XDP~COURSE!~python.jpeg
CSRA4271877,Meta Back-End Developer Professional Certificate,professional certificates,https://www.coursera.org/professional-certificates/meta-back-end-developer,https://s3.amazonaws.com/coursera_assets/meta_images/generated/XDP/XDP~SPECIALIZATION!~meta-back-end-developer/XDP~SPECIALIZATION!~meta-back-end-developer.jpeg
CSRA1826381,Excel to MySQL: Analytic Techniques for Business Specialization,specializations,https://www.coursera.org/specializations/excel-mysql,https://s3.amazonaws.com/coursera_assets/meta_images/generated/XDP/XDP~SPECIALIZATION!~excel-mysql/XDP~SPECIALIZATION!~excel-mysql.jpeg
CSRA4643431,Excel Skills for Business: Essentials,course,https://www.coursera.org/learn/excel-essentials,https://s3.amazonaws.com/coursera_assets/meta_images/generated/XDP/XDP~COURSE!~excel-essentials/XDP~COURSE!~excel-essentials.jpeg
CSRA3493721,Share Data Through the Art of Visualization,course,https://www.coursera.org/learn/visualize-data,https://s3.amazonaws.com/coursera_assets/meta_images/generated/XDP/XDP~COURSE!~visualize-data/XDP~COURSE!~visualize-data.jpeg
CSRA6849137,What is Corruption: Anti-Corruption and Compliance,course,https://www.coursera.org/learn/what-is-corruption-anti-corruption-compliance,https://s3.amazonaws.com/coursera_assets/meta_images/generated/XDP/XDP~COURSE!~what-is-corruption-anti-corruption-compliance/XDP~COURSE!~what-is-corruption-anti-corruption-compliance.jpeg
CSRA8468469,Effective Compliance Programs,course,https://www.coursera.org/learn/effective-compliance-programs,https://s3.amazonaws.com/coursera_assets/meta_images/generated/XDP/XDP~COURSE!~effective-compliance-programs/XDP~COURSE!~effective-compliance-programs.jpeg
CSRA9597899,Excel Skills for Business: Intermediate I,course,https://www.coursera.org/learn/excel-intermediate-1,https://s3.amazonaws.com/coursera_assets/meta_images/generated/XDP/XDP~COURSE!~excel-intermediate-1/XDP~COURSE!~excel-intermediate-1.jpeg
CSRA9626773,Proje Yönetiminin Temelleri,course,https://www.coursera.org/learn/proje-yonetiminin-temelleri,https://s3.amazonaws.com/coursera_assets/meta_images/generated/XDP/XDP~COURSE!~proje-yonetiminin-temelleri/XDP~COURSE!~proje-yonetiminin-temelleri.jpeg
CSRA1266751,Agile Meets Design Thinking,course,https://www.coursera.org/learn/uva-darden-getting-started-agile,https://s3.amazonaws.com/coursera_assets/meta_images/generated/XDP/XDP~COURSE!~uva-darden-getting-started-agile/XDP~COURSE!~uva-darden-getting-started-agile.jpeg
CSRA5739261,How to Manage a Remote Team,course,https://www.coursera.org/learn/remote-team-management,https://s3.amazonaws.com/coursera_assets/meta_images/generated/XDP/XDP~COURSE!~remote-team-management/XDP~COURSE!~remote-team-management.jpeg
CSRA9297393,Budgeting and Scheduling Projects, Irvine",https://www.coursera.org/learn/schedule-projects,course
CSRA7818922,Project Initiation: Starting a Successful Project,course,https://www.coursera.org/learn/project-initiation-google,https://s3.amazonaws.com/coursera_assets/meta_images/generated/XDP/XDP~COURSE!~project-initiation-google/XDP~COURSE!~project-initiation-google.jpeg
CSRA3194375,Career Success Specialization, Irvine",https://www.coursera.org/specializations/career-success,specializations
CSRA4569638,Successful Negotiation: Essential Strategies and Skills,course,https://www.coursera.org/learn/negotiation-skills,https://s3.amazonaws.com/coursera_assets/meta_images/generated/XDP/XDP~COURSE!~negotiation-skills/XDP~COURSE!~negotiation-skills.jpeg
CSRA5479212,Improve Your English Communication Skills Specialization,specializations,https://www.coursera.org/specializations/improve-english,https://s3.amazonaws.com/coursera_assets/meta_images/generated/XDP/XDP~SPECIALIZATION!~improve-english/XDP~SPECIALIZATION!~improve-english.jpeg
CSRA1638599,English for Career Development,course,https://www.coursera.org/learn/careerdevelopment,https://s3.amazonaws.com/coursera_assets/meta_images/generated/XDP/XDP~COURSE!~careerdevelopment/XDP~COURSE!~careerdevelopment.jpeg
CSRA5889977,Cybersecurity: Developing a Program for Your Business Specialization,specializations,https://www.coursera.org/specializations/cybersecurity-developing-program-for-business,https://s3.amazonaws.com/coursera_assets/meta_images/generated/XDP/XDP~SPECIALIZATION!~cybersecurity-developing-program-for-business/XDP~SPECIALIZATION!~cybersecurity-developing-program-for-business.jpeg
CSRA6375591,Information​ ​Systems Specialization,specializations,https://www.coursera.org/specializations/information-systems,https://s3.amazonaws.com/coursera_assets/meta_images/generated/XDP/XDP~SPECIALIZATION!~information-systems/XDP~SPECIALIZATION!~information-systems.jpeg
CSRA3521599,-,specializations,https://www.coursera.org/specializations/business-technology-managment,https://s3.amazonaws.com/coursera/media/Grid_Coursera_Partners_updated.png
CSRA1321282,Cybersecurity for Business Specialization,specializations,https://www.coursera.org/specializations/cyber-security-business,https://s3.amazonaws.com/coursera_assets/meta_images/generated/XDP/XDP~SPECIALIZATION!~cyber-security-business/XDP~SPECIALIZATION!~cyber-security-business.jpeg
CSRA5854442,Communication Strategies for a Virtual Age,course,https://www.coursera.org/learn/communication-strategies-virtual-age,https://s3.amazonaws.com/coursera_assets/meta_images/generated/XDP/XDP~COURSE!~communication-strategies-virtual-age/XDP~COURSE!~communication-strategies-virtual-age.jpeg
CSRA1972531,Improve Your English Communication Skills Specialization,specializations,https://www.coursera.org/specializations/improve-english,https://s3.amazonaws.com/coursera_assets/meta_images/generated/XDP/XDP~SPECIALIZATION!~improve-english/XDP~SPECIALIZATION!~improve-english.jpeg
CSRA1161622,Good with Words: Speaking and Presenting Specialization,specializations,https://www.coursera.org/specializations/good-with-words-speaking-and-presenting,https://s3.amazonaws.com/coursera_assets/meta_images/generated/XDP/XDP~SPECIALIZATION!~good-with-words-speaking-and-presenting/XDP~SPECIALIZATION!~good-with-words-speaking-and-presenting.jpeg
CSRA3633386,Storytelling and influencing: Communicate with impact,course,https://www.coursera.org/learn/communicate-with-impact,https://s3.amazonaws.com/coursera_assets/meta_images/generated/XDP/XDP~COURSE!~communicate-with-impact/XDP~COURSE!~communicate-with-impact.jpeg
CSRA6215673,User-Experience: Create a Storyboard using Storyboarder,guided project,https://www.coursera.org/projects/user-experience-create-a-storyboard-using-storyboarder,https://s3.amazonaws.com/coursera_assets/meta_images/generated/XDP/XDP~COURSE!~user-experience-create-a-storyboard-using-storyboarder/XDP~COURSE!~user-experience-create-a-storyboard-using-storyboarder.jpeg
CSRA8358794,How to Visualize Research Data in Tableau,guided project,https://www.coursera.org/projects/how-visualize-research-data-tableau,https://s3.amazonaws.com/coursera_assets/meta_images/generated/XDP/XDP~COURSE!~how-visualize-research-data-tableau/XDP~COURSE!~how-visualize-research-data-tableau.jpeg
CSRA8785137,Eine Einführung in die Finite Elemente Methode mit SimScale,guided project,https://www.coursera.org/projects/fem-finite-elemente-methode-mit-simscale,https://s3.amazonaws.com/coursera_assets/meta_images/generated/XDP/XDP~COURSE!~fem-finite-elemente-methode-mit-simscale/XDP~COURSE!~fem-finite-elemente-methode-mit-simscale.jpeg
CSRA1938818,Transferencia tecnológica: De la investigación al mercado.,course,https://www.coursera.org/learn/transferencia-tecnologica-investigacion,https://s3.amazonaws.com/coursera_assets/meta_images/generated/XDP/XDP~COURSE!~transferencia-tecnologica-investigacion/XDP~COURSE!~transferencia-tecnologica-investigacion.jpeg
CSRA4762754,"Excel/VBA for Creative Problem Solving,University of Colorado Boulder,https://www.coursera.org/learn/excel-vba-for-creative-problem-solving-part-1,course
CSRA3946172,Experimentation for Improvement,course,https://www.coursera.org/learn/experimentation,https://s3.amazonaws.com/coursera_assets/meta_images/generated/XDP/XDP~COURSE!~experimentation/XDP~COURSE!~experimentation.jpeg
CSRA2313378,"Excel/VBA for Creative Problem Solving,University of Colorado Boulder,https://www.coursera.org/learn/excel-vba-for-creative-problem-solving-part-2,course
CSRA5388552,Being a researcher (in Information Science and Technology),course,https://www.coursera.org/learn/being-researcher,https://s3.amazonaws.com/coursera_assets/meta_images/generated/XDP/XDP~COURSE!~being-researcher/XDP~COURSE!~being-researcher.jpeg
CSRA9822134,"Ethics,-,https://www.coursera.org/learn/ethics-technology-engineering,course
CSRA3221673,"Computers, Simulations: A Practical Introduction to Numerical Methods using Python",https://www.coursera.org/learn/computers-waves-simulations,Ludwig-Maximilians-Universität München (LMU)
CSRA1227218,Simulation and modeling of natural processes,course,https://www.coursera.org/learn/modeling-simulation-natural-processes,https://s3.amazonaws.com/coursera_assets/meta_images/generated/XDP/XDP~COURSE!~modeling-simulation-natural-processes/XDP~COURSE!~modeling-simulation-natural-processes.jpeg
CSRA1593115,Quantitative Methods,course,https://www.coursera.org/learn/quantitative-methods,https://s3.amazonaws.com/coursera_assets/meta_images/generated/XDP/XDP~COURSE!~quantitative-methods/XDP~COURSE!~quantitative-methods.jpeg
CSRA1436965,Understanding Research Methods,course,https://www.coursera.org/learn/research-methods,https://s3.amazonaws.com/coursera_assets/meta_images/generated/XDP/XDP~COURSE!~research-methods/XDP~COURSE!~research-methods.jpeg
CSRA9726129,Plant Bioinformatic Methods Specialization,specializations,https://www.coursera.org/specializations/plant-bioinformatic-methods,https://s3.amazonaws.com/coursera_assets/meta_images/generated/XDP/XDP~SPECIALIZATION!~plant-bioinformatic-methods/XDP~SPECIALIZATION!~plant-bioinformatic-methods.jpeg
CSRA7253485,Cybersecurity Specialization, College Park",https://www.coursera.org/specializations/cyber-security,specializations
CSRA8776629,Quantitative Methods,course,https://www.coursera.org/learn/quantitative-methods,https://s3.amazonaws.com/coursera_assets/meta_images/generated/XDP/XDP~COURSE!~quantitative-methods/XDP~COURSE!~quantitative-methods.jpeg
CSRA1256343,Excel/VBA for Creative Problem Solving",University of Colorado Boulder,https://www.coursera.org/learn/excel-vba-for-creative-problem-solving-part-1,course
CSRA1536183,Cybersecurity Specialization, College Park",https://www.coursera.org/specializations/cyber-security,specializations
CSRA4531343,Chemistry,course,https://www.coursera.org/learn/chemistry-1,https://s3.amazonaws.com/coursera_assets/meta_images/generated/XDP/XDP~COURSE!~chemistry-1/XDP~COURSE!~chemistry-1.jpeg
CSRA4567386,How Things Work: An Introduction to Physics,course,https://www.coursera.org/learn/how-things-work,https://s3.amazonaws.com/coursera_assets/meta_images/generated/XDP/XDP~COURSE!~how-things-work/XDP~COURSE!~how-things-work.jpeg
CSRA2419149,Excel Fundamentals for Data Analysis,course,https://www.coursera.org/learn/excel-data-analysis-fundamentals,https://s3.amazonaws.com/coursera_assets/meta_images/generated/XDP/XDP~COURSE!~excel-data-analysis-fundamentals/XDP~COURSE!~excel-data-analysis-fundamentals.jpeg
CSRA8139217,Introduction to advanced tomography,course,https://www.coursera.org/learn/cinemaxe,https://s3.amazonaws.com/coursera_assets/meta_images/generated/XDP/XDP~COURSE!~cinemaxe/XDP~COURSE!~cinemaxe.jpeg
CSRA5234461,Quantum Optics 1 : Single Photons,course,https://www.coursera.org/learn/quantum-optics-single-photon,https://s3.amazonaws.com/coursera_assets/meta_images/generated/XDP/XDP~COURSE!~quantum-optics-single-photon/XDP~COURSE!~quantum-optics-single-photon.jpeg
CSRA2584866,Spacecraft Dynamics Capstone: Mars Mission,course,https://www.coursera.org/learn/capstone-mars-mission,https://s3.amazonaws.com/coursera_assets/meta_images/generated/XDP/XDP~COURSE!~capstone-mars-mission/XDP~COURSE!~capstone-mars-mission.jpeg
CSRA5344523,Kinematics: Describing the Motions of Spacecraft,course,https://www.coursera.org/learn/spacecraft-dynamics-kinematics,https://s3.amazonaws.com/coursera_assets/meta_images/generated/XDP/XDP~COURSE!~spacecraft-dynamics-kinematics/XDP~COURSE!~spacecraft-dynamics-kinematics.jpeg
CSRA7983171,مقدمة لفيزياء ألعاب الفيديو باستخدام محرك ألعاب Unity,guided project,https://www.coursera.org/projects/moqadema-le-physic-al3ab-video-be-estkhdam-moharak-al3ab-unity,https://s3.amazonaws.com/coursera_assets/meta_images/generated/XDP/XDP~COURSE!~moqadema-le-physic-al3ab-video-be-estkhdam-moharak-al3ab-unity/XDP~COURSE!~moqadema-le-physic-al3ab-video-be-estkhdam-moharak-al3ab-unity.jpeg
CSRA6867384,Linearer & Nichtlineare Finite Elemente Analyse mit SimScale,guided project,https://www.coursera.org/projects/linearer-nichtlineare-finite-elemente-analyse-mit-simscale,https://s3.amazonaws.com/coursera_assets/meta_images/generated/XDP/XDP~COURSE!~linearer-nichtlineare-finite-elemente-analyse-mit-simscale/XDP~COURSE!~linearer-nichtlineare-finite-elemente-analyse-mit-simscale.jpeg
CSRA2434323,Netzkonvergenzstudien in der Finiten Elemente Methode,guided project,https://www.coursera.org/projects/netzkonvergenzstudie-finite-elemente-methode,https://s3.amazonaws.com/coursera_assets/meta_images/generated/XDP/XDP~COURSE!~netzkonvergenzstudie-finite-elemente-methode/XDP~COURSE!~netzkonvergenzstudie-finite-elemente-methode.jpeg
CSRA1181575,Strömungsimulation einer Kreiselpumpe,guided project,https://www.coursera.org/projects/stromungsimulation-einer-kreiselpumpe,https://s3.amazonaws.com/coursera_assets/meta_images/generated/XDP/XDP~COURSE!~stromungsimulation-einer-kreiselpumpe/XDP~COURSE!~stromungsimulation-einer-kreiselpumpe.jpeg
CSRA9171221,Astro 101: Black Holes,course,https://www.coursera.org/learn/black-holes-astro-101,https://s3.amazonaws.com/coursera_assets/meta_images/generated/XDP/XDP~COURSE!~black-holes-astro-101/XDP~COURSE!~black-holes-astro-101.jpeg
CSRA5923348,Astrobiology: Exploring Other Worlds,course,https://www.coursera.org/learn/astrobiology-exploring-other-worlds,https://s3.amazonaws.com/coursera_assets/meta_images/generated/XDP/XDP~COURSE!~astrobiology-exploring-other-worlds/XDP~COURSE!~astrobiology-exploring-other-worlds.jpeg
CSRA8665595,Understanding Einstein: The Special Theory of Relativity,course,https://www.coursera.org/learn/einstein-relativity,https://s3.amazonaws.com/coursera_assets/meta_images/generated/XDP/XDP~COURSE!~einstein-relativity/XDP~COURSE!~einstein-relativity.jpeg
CSRA5845942,Kinematics: Describing the Motions of Spacecraft,course,https://www.coursera.org/learn/spacecraft-dynamics-kinematics,https://s3.amazonaws.com/coursera_assets/meta_images/generated/XDP/XDP~COURSE!~spacecraft-dynamics-kinematics/XDP~COURSE!~spacecraft-dynamics-kinematics.jpeg
CSRA5922695,Analyzing the Universe,course,https://www.coursera.org/learn/analyze,https://s3.amazonaws.com/coursera_assets/meta_images/generated/XDP/XDP~COURSE!~analyze/XDP~COURSE!~analyze.jpeg
CSRA9982825,Imagining Other Earths,course,https://www.coursera.org/learn/life-on-other-planets,https://s3.amazonaws.com/coursera_assets/meta_images/generated/XDP/XDP~COURSE!~life-on-other-planets/XDP~COURSE!~life-on-other-planets.jpeg
CSRA2531819,Data-driven Astronomy,course,https://www.coursera.org/learn/data-driven-astronomy,https://s3.amazonaws.com/coursera_assets/meta_images/generated/XDP/XDP~COURSE!~data-driven-astronomy/XDP~COURSE!~data-driven-astronomy.jpeg
CSRA4591829,Astrobiology: Exploring Other Worlds,course,https://www.coursera.org/learn/astrobiology-exploring-other-worlds,https://s3.amazonaws.com/coursera_assets/meta_images/generated/XDP/XDP~COURSE!~astrobiology-exploring-other-worlds/XDP~COURSE!~astrobiology-exploring-other-worlds.jpeg
CSRA7785454,Big History: Connecting Knowledge,course,https://www.coursera.org/learn/big-history,https://s3.amazonaws.com/coursera_assets/meta_images/generated/XDP/XDP~COURSE!~big-history/XDP~COURSE!~big-history.jpeg
CSRA2248166,How Things Work: An Introduction to Physics,course,https://www.coursera.org/learn/how-things-work,https://s3.amazonaws.com/coursera_assets/meta_images/generated/XDP/XDP~COURSE!~how-things-work/XDP~COURSE!~how-things-work.jpeg
CSRA9489998,Astronomy: Exploring Time and Space,course,https://www.coursera.org/learn/astro,https://s3.amazonaws.com/coursera_assets/meta_images/generated/XDP/XDP~COURSE!~astro/XDP~COURSE!~astro.jpeg
CSRA6762537,Understanding Einstein: The Special Theory of Relativity,course,https://www.coursera.org/learn/einstein-relativity,https://s3.amazonaws.com/coursera_assets/meta_images/generated/XDP/XDP~COURSE!~einstein-relativity/XDP~COURSE!~einstein-relativity.jpeg
CSRA3539893,Big History: Connecting Knowledge,course,https://www.coursera.org/learn/big-history,https://s3.amazonaws.com/coursera_assets/meta_images/generated/XDP/XDP~COURSE!~big-history/XDP~COURSE!~big-history.jpeg
CSRA6386349,Understanding Einstein: The Special Theory of Relativity,course,https://www.coursera.org/learn/einstein-relativity,https://s3.amazonaws.com/coursera_assets/meta_images/generated/XDP/XDP~COURSE!~einstein-relativity/XDP~COURSE!~einstein-relativity.jpeg
CSRA9779832,Astronomy: Exploring Time and Space,course,https://www.coursera.org/learn/astro,https://s3.amazonaws.com/coursera_assets/meta_images/generated/XDP/XDP~COURSE!~astro/XDP~COURSE!~astro.jpeg
CSRA3552497,Introduction to Probability and Data with R,course,https://www.coursera.org/learn/probability-intro,https://s3.amazonaws.com/coursera_assets/meta_images/generated/XDP/XDP~COURSE!~probability-intro/XDP~COURSE!~probability-intro.jpeg
CSRA4242689,The Data Scientist’s Toolbox,course,https://www.coursera.org/learn/data-scientists-tools,https://s3.amazonaws.com/coursera_assets/meta_images/generated/XDP/XDP~COURSE!~data-scientists-tools/XDP~COURSE!~data-scientists-tools.jpeg
CSRA8193499,Google Data Analytics Professional Certificate,professional certificates,https://www.coursera.org/professional-certificates/google-data-analytics,https://s3.amazonaws.com/coursera_assets/meta_images/generated/XDP/XDP~SPECIALIZATION!~google-data-analytics/XDP~SPECIALIZATION!~google-data-analytics.jpeg
CSRA2662549,Data Visualization in Excel,course,https://www.coursera.org/learn/excel-data-visualization,https://s3.amazonaws.com/coursera_assets/meta_images/generated/XDP/XDP~COURSE!~excel-data-visualization/XDP~COURSE!~excel-data-visualization.jpeg
CSRA5487957,Introdução à Ciência da Computação com Python Parte 1,course,https://www.coursera.org/learn/ciencia-computacao-python-conceitos,https://s3.amazonaws.com/coursera_assets/meta_images/generated/XDP/XDP~COURSE!~ciencia-computacao-python-conceitos/XDP~COURSE!~ciencia-computacao-python-conceitos.jpeg
CSRA4278949,Excel Skills for Business: Intermediate I,course,https://www.coursera.org/learn/excel-intermediate-1,https://s3.amazonaws.com/coursera_assets/meta_images/generated/XDP/XDP~COURSE!~excel-intermediate-1/XDP~COURSE!~excel-intermediate-1.jpeg
CSRA5488999,Spatial Analysis and Satellite Imagery in a GIS,course,https://www.coursera.org/learn/spatial-analysis-satellite-imagery-in-a-gis,https://s3.amazonaws.com/coursera_assets/meta_images/generated/XDP/XDP~COURSE!~spatial-analysis-satellite-imagery-in-a-gis/XDP~COURSE!~spatial-analysis-satellite-imagery-in-a-gis.jpeg
CSRA9358922,Data Analytics Methods for Marketing,course,https://www.coursera.org/learn/data-analytics-methods-for-marketing,https://s3.amazonaws.com/coursera_assets/meta_images/generated/XDP/XDP~COURSE!~data-analytics-methods-for-marketing/XDP~COURSE!~data-analytics-methods-for-marketing.jpeg
CSRA5778585,Excel Skills for Business: Essentials,course,https://www.coursera.org/learn/excel-essentials,https://s3.amazonaws.com/coursera_assets/meta_images/generated/XDP/XDP~COURSE!~excel-essentials/XDP~COURSE!~excel-essentials.jpeg
CSRA8634556,Customer Analytics,course,https://www.coursera.org/learn/wharton-customer-analytics,https://s3.amazonaws.com/coursera_assets/meta_images/generated/XDP/XDP~COURSE!~wharton-customer-analytics/XDP~COURSE!~wharton-customer-analytics.jpeg
CSRA1876331,AI Fundamentals for Non-Data Scientists,course,https://www.coursera.org/learn/wharton-ai-fundamentals-non-data-scientists,https://s3.amazonaws.com/coursera_assets/meta_images/generated/XDP/XDP~COURSE!~wharton-ai-fundamentals-non-data-scientists/XDP~COURSE!~wharton-ai-fundamentals-non-data-scientists.jpeg
CSRA4374621,Ask Questions to Make Data-Driven Decisions,course,https://www.coursera.org/learn/ask-questions-make-decisions,https://s3.amazonaws.com/coursera_assets/meta_images/generated/XDP/XDP~COURSE!~ask-questions-make-decisions/XDP~COURSE!~ask-questions-make-decisions.jpeg
CSRA9745883,Applied Data Science with Python Specialization,specializations,https://www.coursera.org/specializations/data-science-python,https://s3.amazonaws.com/coursera_assets/meta_images/generated/XDP/XDP~SPECIALIZATION!~data-science-python/XDP~SPECIALIZATION!~data-science-python.jpeg
CSRA4277187,IBM Data Analyst Professional Certificate,professional certificates,https://www.coursera.org/professional-certificates/ibm-data-analyst,https://s3.amazonaws.com/coursera_assets/meta_images/generated/XDP/XDP~SPECIALIZATION!~ibm-data-analyst/XDP~SPECIALIZATION!~ibm-data-analyst.jpeg
CSRA9575427,Assess for Success: Marketing Analytics and Measurement,course,https://www.coursera.org/learn/assess-for-success,https://s3.amazonaws.com/coursera_assets/meta_images/generated/XDP/XDP~COURSE!~assess-for-success/XDP~COURSE!~assess-for-success.jpeg
CSRA1718176,Data Science Fundamentals with Python and SQL Specialization,specializations,https://www.coursera.org/specializations/data-science-fundamentals-python-sql,https://s3.amazonaws.com/coursera_assets/meta_images/generated/XDP/XDP~SPECIALIZATION!~data-science-fundamentals-python-sql/XDP~SPECIALIZATION!~data-science-fundamentals-python-sql.jpeg
CSRA6249814,Introduction to Data Science Specialization,specializations,https://www.coursera.org/specializations/introduction-data-science,https://s3.amazonaws.com/coursera_assets/meta_images/generated/XDP/XDP~SPECIALIZATION!~introduction-data-science/XDP~SPECIALIZATION!~introduction-data-science.jpeg
CSRA8239512,IBM Data Science Professional Certificate,professional certificates,https://www.coursera.org/professional-certificates/ibm-data-science,https://s3.amazonaws.com/coursera_assets/meta_images/generated/XDP/XDP~SPECIALIZATION!~ibm-data-science/XDP~SPECIALIZATION!~ibm-data-science.jpeg
CSRA4922652,Google Data Analytics Professional Certificate,professional certificates,https://www.coursera.org/professional-certificates/google-data-analytics,https://s3.amazonaws.com/coursera_assets/meta_images/generated/XDP/XDP~SPECIALIZATION!~google-data-analytics/XDP~SPECIALIZATION!~google-data-analytics.jpeg
CSRA5647998,Google Data Analytics Professional Certificate,professional certificates,https://www.coursera.org/professional-certificates/google-data-analytics,https://s3.amazonaws.com/coursera_assets/meta_images/generated/XDP/XDP~SPECIALIZATION!~google-data-analytics/XDP~SPECIALIZATION!~google-data-analytics.jpeg
CSRA3635433,Data Science: Foundations using R Specialization,specializations,https://www.coursera.org/specializations/data-science-foundations-r,https://s3.amazonaws.com/coursera_assets/meta_images/generated/XDP/XDP~SPECIALIZATION!~data-science-foundations-r/XDP~SPECIALIZATION!~data-science-foundations-r.jpeg
CSRA4896288,IBM Data Science Professional Certificate,professional certificates,https://www.coursera.org/professional-certificates/ibm-data-science,https://s3.amazonaws.com/coursera_assets/meta_images/generated/XDP/XDP~SPECIALIZATION!~ibm-data-science/XDP~SPECIALIZATION!~ibm-data-science.jpeg
CSRA5124156,Data Science Specialization,specializations,https://www.coursera.org/specializations/jhu-data-science,https://s3.amazonaws.com/coursera_assets/meta_images/generated/XDP/XDP~SPECIALIZATION!~jhu-data-science/XDP~SPECIALIZATION!~jhu-data-science.jpeg
CSRA6877171,Introduction to Physical Chemistry,course,https://www.coursera.org/learn/physical-chemistry,https://s3.amazonaws.com/coursera_assets/meta_images/generated/XDP/XDP~COURSE!~physical-chemistry/XDP~COURSE!~physical-chemistry.jpeg
CSRA4162868,Introduction to Chemistry:  Structures and Solutions,course,https://www.coursera.org/learn/basic-chemistry,https://s3.amazonaws.com/coursera_assets/meta_images/generated/XDP/XDP~COURSE!~basic-chemistry/XDP~COURSE!~basic-chemistry.jpeg
CSRA8754265,Data Science Specialization,specializations,https://www.coursera.org/specializations/jhu-data-science,https://s3.amazonaws.com/coursera_assets/meta_images/generated/XDP/XDP~SPECIALIZATION!~jhu-data-science/XDP~SPECIALIZATION!~jhu-data-science.jpeg
CSRA8598367,Introduction to Physical Chemistry,course,https://www.coursera.org/learn/physical-chemistry,https://s3.amazonaws.com/coursera_assets/meta_images/generated/XDP/XDP~COURSE!~physical-chemistry/XDP~COURSE!~physical-chemistry.jpeg
CSRA7485251,Introduction to Chemistry:  Structures and Solutions,course,https://www.coursera.org/learn/basic-chemistry,https://s3.amazonaws.com/coursera_assets/meta_images/generated/XDP/XDP~COURSE!~basic-chemistry/XDP~COURSE!~basic-chemistry.jpeg
